time_seconds,mfcc_00,mfcc_01,mfcc_02,mfcc_03,mfcc_04,mfcc_05,mfcc_06,mfcc_07,mfcc_08,mfcc_09,mfcc_10,mfcc_11,mfcc_12,mfcc_13,mfcc_14,mfcc_15,mfcc_16,mfcc_17,mfcc_18,mfcc_19,delta_mfcc_00,delta_mfcc_01,delta_mfcc_02,delta_mfcc_03,delta_mfcc_04,delta_mfcc_05,delta_mfcc_06,delta_mfcc_07,delta_mfcc_08,delta_mfcc_09,delta_mfcc_10,delta_mfcc_11,delta_mfcc_12,delta_mfcc_13,delta_mfcc_14,delta_mfcc_15,delta_mfcc_16,delta_mfcc_17,delta_mfcc_18,delta_mfcc_19,zcr,spectral_flux,energy_norm,flux_norm,zcr_norm,is_flux_peak
0.0,-127.765205,8.077298,15.098843,9.847283,13.563171,12.654577,4.9989634,1.6604321,-5.7703543,-1.491001,-1.9632069,2.511397,-13.301709,-10.212133,3.8584201,-5.728307,6.1346183,3.7840781,3.1823692,3.4742892,-39.7656,13.135131,10.816687,8.986824,5.7741933,4.8173294,3.6544356,1.9486746,0.6670059,-1.3640494,-2.1094832,-2.3799767,-1.728735,-1.8072284,-2.0439622,-0.34603584,-1.1973745,0.53052557,1.3255085,1.7967296,0.17,0.0,0.27942312,0.0,1.0,False
0.01,-116.03768,13.019077,25.117846,20.836319,21.226913,12.709578,8.594884,8.381731,1.8783712,0.049982682,4.304218,6.684781,1.5567272,-10.461821,-7.0147514,-6.9101515,4.2498283,-0.405703,-10.008436,-9.908012,-39.7656,13.135131,10.816687,8.986824,5.7741933,4.8173294,3.6544356,1.9486746,0.6670059,-1.3640494,-2.1094832,-2.3799767,-1.728735,-1.8072284,-2.0439622,-0.34603584,-1.1973745,0.53052557,1.3255085,1.7967296,0.22,0.057312973,0.42077106,0.77746344,1.0,False
0.02,-152.04974,31.009361,33.501137,38.601463,31.408752,25.447824,12.687029,11.1014595,3.3734956,-3.1230426,-6.3158092,-7.625148,6.605302,1.388851,-2.4681268,-9.228191,-3.4847784,-7.6200695,-13.802126,-7.695779,-39.7656,13.135131,10.816687,8.986824,5.7741933,4.8173294,3.6544356,1.9486746,0.6670059,-1.3640494,-2.1094832,-2.3799767,-1.728735,-1.8072284,-2.0439622,-0.34603584,-1.1973745,0.53052557,1.3255085,1.7967296,0.1125,0.07837118,0.5484407,1.0,0.8395523,True
0.03,-211.16508,33.124542,53.117867,56.65666,50.798824,32.36531,21.979046,-0.86679447,-14.946325,-10.645166,-10.149527,-5.3557644,-2.8158083,-7.2521496,2.2642002,-6.121977,-6.745834,-5.6972113,-14.885551,-4.5423756,-39.7656,13.135131,10.816687,8.986824,5.7741933,4.8173294,3.6544356,1.9486746,0.6670059,-1.3640494,-2.1094832,-2.3799767,-1.728735,-1.8072284,-2.0439622,-0.34603584,-1.1973745,0.53052557,1.3255085,1.7967296,0.0275,0.07784438,0.67700225,1.0,0.2052239,False
0.04,-238.65768,65.33502,57.373093,53.891052,44.846718,37.151375,22.044338,12.955398,-0.20408311,-15.921816,-9.977501,-7.7798986,-7.729794,-4.2117414,-3.2501135,-2.3473315,-2.07217,-4.246594,-5.1193523,-5.2563562,-39.7656,13.135131,10.816687,8.986824,5.7741933,4.8173294,3.6544356,1.9486746,0.6670059,-1.3640494,-2.1094832,-2.3799767,-1.728735,-1.8072284,-2.0439622,-0.34603584,-1.1973745,0.53052557,1.3255085,1.7967296,0.015,0.06515249,0.79426306,0.88380826,0.1119403,False
0.05,-283.72482,73.846,66.84715,58.56189,48.86431,40.950706,26.35483,14.641495,8.303471,1.7116449,-8.547138,-24.412632,-19.44696,-9.126995,-11.939694,-16.147167,2.9509654,2.7667878,6.8371153,0.09811795,-42.89549,13.243246,10.355661,7.5960298,5.544567,4.698347,2.9318302,1.1587393,-0.078221306,-1.3373466,-1.969255,-2.3545542,-3.284355,-1.9665171,-0.89378506,0.67248565,-0.6881431,0.9200091,1.7945675,1.7628986,0.015,0.040325478,0.8661382,0.54702425,0.1119403,False
0.06,-340.46948,82.75181,89.56807,71.21278,49.635895,38.9682,35.31345,18.509747,3.5258837,-12.125425,-12.448933,-7.7439575,-13.348434,-16.40521,-14.280649,-12.334452,-9.851999,4.889471,2.1648443,6.4958267,-43.261852,13.120283,10.911803,6.6067944,4.5415325,3.3781548,1.6599414,0.73585945,-0.015348831,-0.28006312,-1.40528,-1.5273595,-3.433917,-2.3852792,-0.45986074,1.1003549,0.24750477,1.044206,1.7197284,1.1371312,0.0125,0.031799246,0.9209733,0.43136397,0.09328359,False
0.07,-373.90378,95.61505,90.12753,77.496,52.90978,46.322952,30.602692,22.162891,-1.1307623,-13.087212,-8.111084,-8.831535,-13.51264,-20.172203,-19.625896,-13.72131,-8.290679,4.4724708,8.50423,10.663015,-41.758434,12.942123,10.310143,6.516667,4.114195,2.5909152,0.61184186,0.22221835,0.015803393,-0.053920325,-1.251201,-1.3982337,-2.042065,-1.1898402,-0.15560909,1.0249326,0.5278916,0.41039658,1.0839316,0.7398525,0.0125,0.016734244,0.955746,0.22700381,0.09328359,False
0.08,-418.49982,107.1057,97.12609,85.37291,67.78398,50.797947,30.902485,12.973465,0.6029413,-10.686859,-21.628014,-16.727394,-13.796053,-20.672031,-7.885419,-1.7510478,-1.6612074,-0.28743863,-4.233655,6.7410364,-39.240788,11.027695,9.667474,6.8826203,4.8002,2.119278,0.16902882,-1.1133454,-1.344851,-0.39137408,-1.3052241,-0.93625814,-1.0149443,-0.5750133,0.61806995,1.1497697,0.3905603,-0.0048602563,0.116985336,0.32187107,0.0125,0.011882004,0.9779977,0.16118208,0.09328359,False
0.09,-452.81018,118.99607,106.18047,84.948074,74.86123,56.739162,31.281643,11.455387,-5.057306,-14.065428,-14.151817,-20.077946,-25.654503,-13.905521,-2.6558762,3.8657217,-4.7226157,0.526103,-3.7822168,-4.8328867,-33.6103,9.89458,8.092881,6.203321,4.5492716,1.7583332,-0.33437914,-1.4411896,-1.6485349,-1.1425817,-1.2461245,-0.4768855,-0.16779664,0.4093565,1.1453601,1.5868818,0.5530386,-0.43505028,-0.3631766,-0.31740853,0.0125,0.0055411854,0.9913172,0.07516743,0.09328359,False
0.1,-507.2779,137.08237,131.68463,96.01036,69.00494,49.67341,25.118164,11.008332,-2.3184555,-3.6765575,-18.677048,-18.91543,-26.224882,-18.40886,-1.4367776,-1.1182485,1.3153093,0.9695371,2.8066716,0.93915176,-26.761545,8.131336,6.0859447,5.0101767,4.030475,1.4498943,-0.5666755,-1.5210719,-1.1120077,-0.41900456,-0.9203723,-1.2439322,-0.19891779,1.067598,0.9829118,0.8760797,1.111917,-0.3544293,0.05685916,-0.61418045,0.0125,0.006330135,0.9980179,0.085869715,0.09328359,False
0.11,-532.0262,144.78238,130.4802,106.08405,76.857605,50.985847,27.490639,6.903904,-5.7123713,-13.10902,-17.295773,-17.899105,-16.35979,-10.995945,-7.670655,-4.322095,0.42102253,-1.038791,2.3381948,4.3129807,-20.438082,5.889955,4.8975067,4.049264,3.054273,0.79245794,-0.057617854,-1.1443529,-0.7156083,-0.5739435,-0.7749858,-0.75978416,0.17210284,1.1235601,0.5249953,0.26593912,0.67142266,-0.054692917,0.18459924,-0.3984503,0.0125,0.005755471,0.99974763,0.07807427,0.09328359,False
0.12,-537.91266,144.53763,129.5889,107.22693,80.682365,53.45753,28.655819,8.485993,-5.9611616,-14.656808,-18.370146,-18.311577,-15.795647,-12.000074,-7.8452845,-3.9744496,-0.79197866,1.4812452,2.760316,3.0628757,-13.696737,3.5828466,3.0207462,2.9983618,1.8746833,0.5877731,0.2664078,-0.21276067,-0.5031211,-0.7716483,-0.22451623,-0.28164145,0.46514863,0.6986864,-0.54692274,-0.6172232,0.2344968,0.32324395,0.90125203,0.28801918,0.0125,0.005499605,0.99790025,0.074603386,0.09328359,False
0.13,-538.5412,143.8475,129.40878,107.647705,81.53938,54.408394,29.334473,8.662241,-6.2881155,-15.270214,-18.943493,-18.559406,-15.597718,-11.444422,-7.1755977,-3.4717498,-0.6484511,1.2385898,2.265798,2.5371916,-8.048588,1.2795881,0.9800982,2.0872698,1.521581,0.7424876,0.7786715,0.29959685,0.0053780833,-0.74304885,-0.70459396,-0.4372249,0.6136997,-0.047200076,-0.9275416,-0.6820057,0.28267238,0.46551841,0.78159595,0.8833288,0.015,0.0051829102,0.993153,0.07030735,0.1119403,False
0.14,-538.9042,143.38496,129.08997,107.54065,81.67253,54.76107,29.835566,9.200762,-5.8404,-15.0273695,-18.973156,-18.859657,-16.092274,-12.00045,-7.6410685,-3.7217712,-0.62543803,1.5053236,2.669467,2.9301014,-3.2143595,-0.5912514,-0.8154032,0.7627875,1.4850333,1.2577976,1.257796,0.6674709,0.0855632,-0.95952183,-0.60850346,-0.80783004,-0.13640428,-0.3133029,-0.8224824,-0.21306808,0.059530426,0.61099184,0.5179438,0.49094996,0.015,0.0050149737,0.98632526,0.068029255,0.1119403,False
0.15,-539.6475,142.4654,128.52701,107.4552,82.04903,55.456833,30.627785,9.854282,-5.506299,-15.093526,-19.407902,-19.539333,-16.844633,-12.655233,-8.072242,-3.8713944,-0.5064265,1.8233349,3.0834582,3.3284922,-1.3394887,-1.186954,-0.7751096,-0.03509013,0.7194393,1.0132402,1.019768,0.8429285,0.2969823,-0.29739293,-0.71078616,-0.9344264,-0.9067524,-0.833625,-0.4556493,-0.05152081,0.1635625,0.6101015,0.51389134,0.2997182,0.015,0.004924443,0.97783756,0.06680118,0.1119403,False
0.16,-541.381,140.32883,127.24257,107.311935,83.00914,57.176823,32.569336,11.447084,-4.702222,-15.274805,-20.49371,-21.218786,-18.683048,-14.221537,-9.048605,-4.1173835,-0.06815523,2.751058,4.2225704,4.3887625,-0.8139486,-1.01965,-0.6648445,-0.19248657,0.25931713,0.5636024,0.64280945,0.4895877,0.16437204,-0.22783612,-0.5723343,-0.77906346,-0.8057582,-0.6641343,-0.40958017,-0.11996802,0.12840374,0.2803139,0.3120969,0.23220411,0.0125,0.0047021345,0.96794647,0.06378552,0.09328359,False
0.17,-543.90314,137.2017,125.31482,107.01694,84.33854,59.68754,35.509827,13.966394,-3.3220363,-15.427582,-22.151413,-23.951668,-21.788805,-16.924276,-10.71039,-4.403532,0.9771575,4.735656,6.5298786,6.3552747,-0.51250917,-0.6622892,-0.4928163,-0.2649226,-0.04271876,0.113557816,0.16523825,0.105699554,-0.039365735,-0.22145721,-0.3850317,-0.48424467,-0.49544817,-0.42198297,-0.29053286,-0.14100572,-0.013717348,0.061947796,0.07420361,0.029501501,0.0125,0.0043231305,0.95688426,0.058644243,0.09328359,False
0.18,-544.5748,136.34903,124.72122,106.75813,84.37894,59.89235,35.690628,13.944972,-3.6526828,-16.065638,-22.984985,-24.794872,-22.443756,-17.24872,-10.668391,-4.081814,1.3937466,5.022487,6.496524,5.910912,-0.08061218,-0.13976364,-0.20860304,-0.29803148,-0.37896767,-0.42520887,-0.42159232,-0.36818656,-0.2793081,-0.17810372,-0.08888315,-0.029978815,-0.009405995,-0.024322033,-0.06382578,-0.11352875,-0.16002493,-0.19382843,-0.210315,-0.20910527,0.0125,0.0037313045,0.94471014,0.050615992,0.09328359,False
0.19,-543.8217,137.20645,125.01314,106.28186,83.143036,58.114826,33.739933,12.239941,-4.7565804,-16.37275,-22.512337,-23.767117,-21.231758,-16.268637,-10.268784,-4.4495897,0.28304112,3.3968337,4.7240925,4.3990197,0.3544464,0.38887152,0.08643964,-0.31305796,-0.68826395,-0.9277791,-0.96410507,-0.79228675,-0.467908,-0.08633814,0.24871905,0.45640132,0.4996211,0.3902587,0.17893153,-0.065222,-0.27680174,-0.41106784,-0.4513215,-0.40658718,0.0125,0.0031283202,0.9314681,0.042436372,0.09328359,False
0.2,-542.26227,139.05756,125.90038,105.86484,81.4438,55.508427,30.845823,9.746401,-6.284157,-16.6448,-21.586735,-22.021055,-19.244705,-14.652533,-9.495899,-4.7275343,-0.9450301,1.5806088,2.822915,2.9024653,0.6171499,0.71260506,0.2803201,-0.29448777,-0.84129816,-1.2010304,-1.2733476,-1.0441478,-0.5854224,-0.029097876,0.4752435,0.8044306,0.89381415,0.7488588,0.4350746,0.05215342,-0.29765055,-0.53658396,-0.62680256,-0.57201767,0.0125,0.0029243086,0.9172032,0.03966891,0.09328359,False
0.21,-540.8247,140.78314,126.796,105.655846,80.180695,53.543365,28.718956,8.021204,-7.183028,-16.54168,-20.583748,-20.444115,-17.531378,-13.221607,-8.63925,-4.552308,-1.3747265,0.75673616,1.8749607,2.08464,0.64176637,0.7471667,0.31320077,-0.2666893,-0.8230695,-1.1951537,-1.2774768,-1.0487297,-0.5746222,0.014815474,0.5652835,0.94254965,1.06767,0.9335492,0.59984654,0.17000073,-0.24093288,-0.5373582,-0.6646362,-0.61657965,0.0125,0.0037175044,0.90205723,0.05042879,0.09328359,False
0.22,-538.8102,143.18465,128.00569,105.32701,78.47081,51.045414,26.247532,6.3347273,-7.6228714,-15.691521,-18.787775,-18.275757,-15.576738,-11.888912,-8.059954,-4.5974274,-1.7626204,0.31777644,1.5723892,1.9586239,0.41604817,0.47047424,0.15251249,-0.26914674,-0.66686374,-0.9201574,-0.9512499,-0.7469186,-0.36039123,0.1064627,0.5343336,0.82089806,0.9079755,0.7938639,0.52847606,0.19436435,-0.11926416,-0.3410721,-0.43368125,-0.39782128,0.0125,0.004028997,0.88630074,0.054654256,0.09328359,False
0.23,-538.3763,143.68875,128.21588,105.15189,77.94152,50.30677,25.514198,5.8264866,-7.7460675,-15.374222,-18.089962,-17.347816,-14.608525,-11.051203,-7.4584503,-4.2538733,-1.6269674,0.33220804,1.5471324,1.9397172,0.050663248,0.020956421,-0.11371091,-0.2856837,-0.43410364,-0.50342125,-0.46102616,-0.30737197,-0.075507335,0.17951646,0.3976334,0.5314234,0.55883443,0.48721293,0.34803966,0.18487565,0.039133437,-0.061379205,-0.107610665,-0.10720447,0.015,0.0043327673,0.8703392,0.05877497,0.1119403,False
0.24,-539.90045,141.84064,127.183624,105.16547,78.88208,51.763275,26.942635,6.749604,-7.5738277,-15.896119,-18.991898,-18.195524,-15.0196495,-10.835121,-6.6730433,-3.1638398,-0.5871945,1.0172641,1.731942,1.6749048,-0.28602296,-0.39455667,-0.3641487,-0.31209743,-0.23824106,-0.14528574,-0.040114023,0.06624265,0.16030493,0.22923374,0.264438,0.26442203,0.23570247,0.19114055,0.14597835,0.11279753,0.09723895,0.09625594,0.099860966,0.09599361,0.015,0.0047031366,0.8546255,0.06379911,0.1119403,False
0.25,-541.36816,140.01758,126.03833,104.91054,79.459145,52.87682,28.17111,7.691621,-7.171088,-16.070072,-19.577904,-18.908909,-15.570444,-11.030859,-6.473356,-2.6723864,0.008272052,1.5272206,2.034884,1.7491972,-0.48216552,-0.63541615,-0.50643677,-0.32318816,-0.1236941,0.05456829,0.18385766,0.2515529,0.26056355,0.22547482,0.1664669,0.1033481,0.051481802,0.020125547,0.012647995,0.027512006,0.059181944,0.09879215,0.13512555,0.15662095,0.0125,0.0053280834,0.83954585,0.07227666,0.09328359,False
0.26,-541.9673,139.17986,125.24342,104.2251,78.97955,52.70022,28.35128,8.199511,-6.462075,-15.36191,-19.091671,-18.811897,-15.91335,-11.720402,-7.294449,-3.355707,-0.3049966,1.6964195,2.635655,2.5809705,-0.55971783,-0.72621256,-0.5471462,-0.29982784,-0.043888345,0.16494706,0.2902867,0.3228742,0.27884984,0.19024467,0.092147894,0.011622366,-0.037910778,-0.05592882,-0.04954268,-0.027190061,0.005442403,0.045694016,0.0911767,0.13642018,0.0125,0.0056577176,0.82533765,0.07674822,0.09328359,False
0.27,-542.7387,138.14786,124.384544,103.63945,78.737625,52.82347,28.795595,8.850601,-5.7739825,-14.826824,-18.871025,-18.990295,-16.467497,-12.518363,-8.128951,-4.003683,-0.5953382,1.8291734,3.1305277,3.270725,-0.47205302,-0.6138308,-0.4660553,-0.26048392,-0.044921875,0.13536339,0.24978285,0.2887315,0.26254618,0.19445553,0.110929646,0.033339944,-0.02621727,-0.06428992,-0.08215,-0.08139904,-0.061685085,-0.021716585,0.037303083,0.108086534,0.0125,0.005437937,0.8120814,0.07376685,0.09328359,False
0.28,-542.7906,138.03586,124.172264,103.30697,78.31871,52.399147,28.470531,8.719317,-5.66051,-14.483278,-18.380774,-18.486746,-16.098293,-12.402199,-8.317974,-4.463272,-1.2086089,1.2320454,2.7255836,3.1892624,-0.324411,-0.4257375,-0.33377317,-0.20247205,-0.058299508,0.07236398,0.16943172,0.22270937,0.23214734,0.20531593,0.15358849,0.08875446,0.021195395,-0.040199313,-0.08721105,-0.11181539,-0.1070643,-0.069449835,-0.0018254519,0.08471471,0.0125,0.004714671,0.7997347,0.06395558,0.09328359,False
0.29,-542.37396,138.54913,124.475235,103.31437,78.01694,51.854004,27.816711,8.131521,-6.0103264,-14.47299,-17.97652,-17.760319,-15.215074,-11.579859,-7.765413,-4.317373,-1.4888701,0.6346451,2.0193222,2.6189551,-0.2535787,-0.32683486,-0.2394338,-0.11778628,0.009889475,0.11685219,0.18503736,0.20880246,0.19426355,0.15498056,0.10600901,0.058825716,0.018960904,-0.013090801,-0.0386528,-0.057279576,-0.06485665,-0.05458442,-0.020568736,0.037580583,0.0125,0.0034287109,0.7881785,0.04651124,0.09328359,False
0.3,-542.42,138.51599,124.52311,103.45476,78.21799,52.054596,27.954878,8.174462,-6.047865,-14.531007,-17.97292,-17.626087,-14.926904,-11.175938,-7.336508,-3.9751134,-1.3229476,0.59348005,1.8151658,2.3579373,-0.25486755,-0.31555405,-0.19453825,-0.03363126,0.120734535,0.22744459,0.26375312,0.23126347,0.15301068,0.06317819,-0.006324927,-0.0371617,-0.02958099,0.00041271845,0.03008481,0.041124154,0.028114276,0.00074279506,-0.02109487,-0.017163213,0.0125,0.0048660985,0.77726305,0.06600973,0.09328359,False
0.31,-542.8587,137.995,124.269775,103.55528,78.65208,52.705406,28.649145,8.738914,-5.733119,-14.499422,-18.168667,-17.930378,-15.202793,-11.31499,-7.291192,-3.7670193,-1.0259547,0.8866786,2.0295596,2.461789,-0.2976003,-0.36198527,-0.20371996,0.004970932,0.20110562,0.32856694,0.3560543,0.28590867,0.15107743,0.001786216,-0.112858996,-0.16151063,-0.13958827,-0.0678678,0.018106127,0.08319035,0.10627026,0.08714537,0.0443794,0.005482014,0.0125,0.005550007,0.76684475,0.075287096,0.09328359,False
0.32,-543.51355,137.20312,123.84093,103.61127,79.17384,53.542473,29.568506,9.497069,-5.318114,-14.498278,-18.528,-18.498505,-15.783786,-11.731871,-7.437687,-3.6319704,-0.6851305,1.3060249,2.3965995,2.6856408,-0.46614787,-0.5711515,-0.33287823,-0.014180629,0.2931394,0.5034944,0.5630883,0.4647488,0.24766266,-0.01725362,-0.2509357,-0.39066803,-0.4075633,-0.3119418,-0.14586227,0.033609655,0.17399202,0.24304478,0.23570226,0.17097846,0.0125,0.0060031777,0.75680166,0.081434466,0.09328359,False
0.33,-544.0448,136.554,123.46837,103.60925,79.529724,54.14308,30.23589,10.042546,-5.038699,-14.544857,-18.863665,-19.006691,-16.308403,-12.126871,-7.6099653,-3.564754,-0.43558437,1.632139,2.683733,2.8467026,-0.7271454,-0.89950615,-0.5491381,-0.074968465,0.39216092,0.726153,0.84135604,0.7156408,0.39433843,-0.025461372,-0.42484754,-0.69777066,-0.7800273,-0.6643499,-0.3980864,-0.065386176,0.23963016,0.44007364,0.49581456,0.410362,0.0125,0.006252865,0.7470303,0.08482153,0.09328359,False
0.34,-544.32806,136.19684,123.229515,103.5309,79.610146,54.337666,30.47026,10.23378,-4.9588776,-14.611605,-19.070415,-19.308632,-16.63671,-12.409211,-7.791115,-3.6212807,-0.3805659,1.7553391,2.8162606,2.9326415,-0.8907725,-1.1119932,-0.7089947,-0.16001688,0.38739598,0.7887237,0.9422231,0.8158982,0.4542175,-0.036744818,-0.5208588,-0.870567,-1.001344,-0.8923853,-0.5883759,-0.1829056,0.21060497,0.49138102,0.5976679,0.51998633,0.015,0.0063774516,0.7374307,0.086511575,0.1119403,False
0.35,-544.9408,135.42313,122.709785,103.3595,79.790276,54.781578,31.023617,10.71722,-4.7022967,-14.676035,-19.464336,-19.95525,-17.396624,-13.118631,-8.304933,-3.8494165,-0.30841368,2.0670006,3.250647,3.3496213,-0.8976898,-1.1323161,-0.7575143,-0.24524333,0.26881436,0.65083903,0.8052113,0.69961095,0.37203285,-0.08180024,-0.53653353,-0.8723971,-1.0073888,-0.9175348,-0.6400904,-0.25965628,0.11792907,0.39584067,0.5118246,0.4521825,0.015,0.0063430155,0.7278889,0.08604444,0.1119403,False
0.36,-546.6071,133.33292,121.35033,103.00885,80.47031,56.25493,32.8573,12.395708,-3.644691,-14.538141,-20.30645,-21.590218,-19.444275,-15.107639,-9.794271,-4.537577,-0.10285425,3.0361557,4.673533,4.822359,-0.7645945,-0.97926,-0.69987553,-0.3159836,0.07329089,0.36935622,0.5004198,0.43996322,0.21248157,-0.114779614,-0.45139483,-0.7088675,-0.8241171,-0.7749424,-0.5835518,-0.307827,-0.023423977,0.19773032,0.3063076,0.2867238,0.0125,0.005977423,0.7182646,0.08108509,0.09328359,False
0.37,-548.8961,130.48135,119.5506,102.64226,81.53194,58.359165,35.34756,14.526868,-2.5028505,-14.732922,-21.815647,-24.038813,-22.217308,-17.525175,-11.298159,-4.8377914,0.7556007,4.7012534,6.5973063,6.4204025,10.173155,0.025946554,-4.300453,-3.2017362,-2.3804615,-1.2463768,-0.36357853,0.31291232,0.63664764,0.6815229,0.48246273,0.17219073,-0.15432212,-0.39407852,-0.51381284,-0.5090589,-0.42063856,-0.28974876,-0.16810213,-0.085969426,0.0125,0.005155352,0.70839417,0.06993352,0.09328359,False
0.38,-549.4827,129.68915,118.86252,102.10292,81.15566,58.12928,35.223083,14.453981,-2.5781157,-14.854328,-22.011173,-24.32027,-22.583878,-17.968254,-11.804888,-5.3916492,0.17702961,4.129483,6.0741787,5.9946833,31.956383,-1.5177963,-9.17474,-7.3231735,-5.8784013,-3.752681,-1.9051579,-0.26799437,0.85087913,1.4985788,1.6427126,1.4336127,0.98726106,0.4775248,0.0009827296,-0.36164916,-0.59242845,-0.67857516,-0.6489643,-0.53024715,0.0125,0.0038813315,0.6981132,0.05265114,0.09328359,False
0.39,-548.85175,130.39804,119.06955,101.6219,79.98178,56.44053,33.333786,12.732751,-3.8040957,-15.383721,-21.81929,-23.563553,-21.557213,-17.026966,-11.272262,-5.4765115,-0.5686592,2.8519337,4.5276394,4.503465,31.424746,-3.6560774,-13.548593,-11.185764,-9.272702,-6.3775396,-3.7191508,-1.2215776,0.6818032,1.9942816,2.608315,2.6562476,2.2445989,1.5839688,0.8211466,0.114154465,-0.4442839,-0.7761656,-0.88274556,-0.7887475,0.0125,0.0026663698,0.6872994,0.03616991,0.09328359,False
0.4,-547.8111,131.62048,119.615204,101.255325,78.72599,54.569527,31.293983,11.016352,-4.7970853,-15.45524,-21.023996,-22.18716,-20.03018,-15.799778,-10.689049,-5.683279,-1.4814854,1.5114983,3.1426601,3.4452095,14.489626,-11.290655,-17.171638,-14.483848,-11.807418,-8.323167,-4.9877114,-1.8859674,0.58147365,2.3407676,3.2863932,3.5156546,3.1466014,2.395166,1.4507816,0.51267964,-0.27437362,-0.7971309,-1.0231583,-0.96424294,0.0125,0.0020251174,0.67592055,0.027471175,0.09328359,False
0.41,-386.16083,143.79895,64.11437,58.38517,44.218826,33.97547,22.417889,12.626968,3.6739273,-3.2563968,-8.55788,-11.778269,-13.212936,-12.825803,-11.157389,-8.627073,-5.8593216,-3.1970103,-1.0712562,0.30273217,-0.93614554,-16.842365,-18.862808,-16.088493,-12.9556265,-9.232989,-5.5864053,-2.2318628,0.49090627,2.4541442,3.5698895,3.9062266,3.5880227,2.8219688,1.8178895,0.78970116,-0.09247364,-0.70288324,-0.9908198,-0.9611832,0.0125,0.0074019595,0.6638452,0.100409254,0.09328359,False
0.42,-183.47641,108.02507,30.5428,28.54589,19.372408,14.974392,9.63229,5.9197607,2.4236498,-0.07640244,-2.2498844,-3.75752,-4.83763,-5.244444,-5.1961174,-4.7302446,-4.083431,-3.2506218,-2.3939228,-1.56809,-14.932231,-20.40949,-18.68145,-16.006876,-12.674194,-9.029876,-5.4299555,-2.1935663,0.4347474,2.3089867,3.3891788,3.732912,3.4742868,2.7955163,1.8964355,0.9660785,0.15925002,-0.41927487,-0.7202747,-0.7445805,0.0075,0.043795925,0.503891,0.5941016,0.05597015,True
0.43,-427.7032,92.42122,15.116482,13.760698,5.787134,3.1606703,0.102223024,-0.9401265,-1.5601501,-1.1961491,-0.7577146,-0.14960645,0.1767644,0.35169765,0.21430609,-0.025050543,-0.2651499,-0.2567719,-0.12278328,0.007449437,-15.478977,-22.717487,-15.561395,-14.415699,-11.097689,-5.848674,-3.4005923,-2.5311263,0.9238913,0.43130893,2.787417,3.37517,1.731175,3.233022,1.6621389,1.5431457,0.10204129,0.48765546,-0.99537575,-0.08236208,0.0025,0.028688401,0.017184213,0.38916466,0.018656718,False
0.44,-643.8333,0.0,0.0,0.0,0.0,0.0,0.0,0.0,0.0,0.0,0.0,0.0,0.0,0.0,0.0,0.0,0.0,0.0,0.0,0.0,5.0372624,-22.191814,-10.082724,-10.607603,-7.886728,-3.23994,-2.4257882,-2.295454,0.7066304,-0.6767195,2.4060185,2.457266,0.8192743,2.2879183,1.1881638,0.57816136,-0.0035886317,0.81630033,-0.8129387,0.5054307,0.0,0.0,0.0,0.0,0.0,False
0.45,-643.8333,0.0,0.0,0.0,0.0,0.0,0.0,0.0,0.0,0.0,0.0,0.0,0.0,0.0,0.0,0.0,0.0,0.0,0.0,0.0,19.637686,-17.846052,-2.714339,-4.2134624,-3.418834,-0.3741812,-0.7253001,-1.9571251,-0.15792987,-1.7772803,0.88609165,1.2070497,-0.03572335,1.2185787,0.32775646,-0.14649267,-0.043356463,0.5706954,-0.60022366,-0.094956525,0.0,0.0,0.0,0.0,0.0,False
0.46,-643.8333,0.0,0.0,0.0,0.0,0.0,0.0,0.0,0.0,0.0,0.0,0.0,0.0,0.0,0.0,0.0,0.0,0.0,0.0,0.0,38.263138,-9.020765,2.2284296,0.2567464,-0.2520541,1.1655346,0.5033636,-1.4910499,-0.18400986,-1.5704509,-0.9046236,-0.62507224,-1.2435801,0.54288405,-0.65243703,-0.89402485,-0.8268896,0.45548072,-0.35657236,-1.0684198,0.0,0.0,0.0,0.0,0.0,False
0.47,-465.09427,-12.743156,15.052923,-2.3430243,-0.48654282,30.368902,19.412407,-9.178453,8.899336,-22.152817,-0.6174444,3.595112,-18.428099,11.894518,-1.2346877,7.912117,-4.0996723,8.889229,-9.180111,5.6112847,66.39263,-0.64251554,5.962468,3.7144096,2.8970284,2.388608,0.8087326,-1.5678945,-0.91726667,-1.2566255,-1.4908936,-1.4926531,-1.7425326,-0.3331072,-1.1712399,-1.1338041,-1.218726,-0.17072491,-0.55420643,-1.0909832,0.065,0.073453546,0.012315764,0.996414,0.48507464,False
0.48,-128.8411,-6.7323227,24.220953,5.400552,5.0870867,16.952717,2.0029721,-4.3365445,2.705102,-11.770956,7.7965817,1.2256348,-6.2043176,-2.5555415,-2.8531003,-11.786636,-4.9630547,3.0018206,-4.1974363,6.263073,71.73809,8.559665,8.797813,6.5473804,4.668534,2.2837653,0.23237257,-1.5797263,-1.777945,-2.0462089,-2.483856,-1.8557955,-1.2481102,-0.15210865,-0.9057239,-1.4217598,-1.3965931,-0.74252045,-0.99822235,-1.9898688,0.2175,0.029644178,0.33054593,0.40212998,1.0,False
0.49,-113.87647,14.758414,28.172451,20.594099,6.7871466,13.274894,7.6052837,-4.9185157,-4.135853,-10.666352,-2.87149,0.71775115,-3.4213393,-2.3352094,-7.2738075,-9.500753,-3.9326894,-3.8989115,-4.193312,-9.7969055,52.166836,11.19038,10.324528,8.197303,6.3453617,2.2734854,-0.029898686,-1.503985,-2.661725,-2.5502174,-4.077519,-2.1039002,-0.5928305,-0.45542052,-0.25584716,-1.0571138,-1.0323541,-0.8124364,-1.2079202,-2.7116158,0.27,0.05589427,0.4186984,0.7582184,1.0,False
0.5,-147.08023,37.512638,38.30356,25.157516,12.41968,8.80316,5.700861,-8.99931,-1.9821062,-5.106831,-17.977837,-15.295717,-13.0835705,3.2181385,-7.631366,-7.1185513,-10.229674,2.5899763,-0.2958657,-14.775479,24.49615,13.515516,11.370457,9.191436,7.0173655,2.0821865,-0.22271174,-1.0106044,-3.3411262,-2.8334563,-4.7906914,-1.896288,0.17493212,-1.3971986,0.12690827,-0.4588391,-0.42003512,-0.4020849,-0.79605496,-2.8454316,0.1475,0.074963264,0.5472018,1.0,1.0,True
0.51,-198.10495,48.95288,55.684372,38.961517,35.262455,21.511795,3.654182,-14.165667,-12.44092,-7.939494,-10.151141,-11.732901,-12.886798,-5.252024,-7.280588,-3.996162,-7.666677,-3.5611272,-5.0679655,-1.9430039,-10.5713415,14.9863825,10.982838,10.568095,7.079284,1.1149492,-0.8693606,-0.48730257,-3.241631,-2.1971216,-4.709452,-3.00347,0.33691323,-1.5042146,1.1861789,0.60051334,0.44861808,-0.45619437,-0.31464842,-3.0276167,0.0625,0.0828101,0.683401,1.0,0.46641794,False
0.52,-238.23924,66.04859,67.772255,50.676533,35.552902,17.994556,0.8463023,-9.636974,-13.088635,-25.056711,-20.092052,-10.670058,-6.266459,3.6057508,-2.7999554,-10.416783,-10.125797,-6.5649147,-12.271128,-17.150991,-39.58139,14.6064415,12.102911,10.484559,7.0620375,2.552488,0.03988302,-1.2199916,-3.4931958,-3.4818902,-3.8088539,-1.6660571,0.0061513544,-0.8754412,0.7991617,1.3314018,1.3661557,0.45799202,-0.3564071,-1.9621645,0.0275,0.059043296,0.7995049,0.8009357,0.2052239,False
0.53,-294.46118,76.41,80.20235,59.36063,48.8081,27.072308,5.8714333,-11.672748,-18.267467,-28.233421,-34.883293,-11.761616,-5.24345,-2.4057698,2.4797757,-3.2570007,-4.790807,-0.93472093,-11.946922,-18.77421,-44.089127,13.969291,12.636222,9.691284,6.477258,2.8945422,-0.08901988,-0.951852,-3.7448258,-3.902861,-1.6521101,-0.8249416,-0.25721723,-0.95638835,1.4547869,1.2831724,1.469917,0.5741796,-0.5500739,-0.80023986,0.0225,0.046208136,0.8718455,0.62682384,0.16791047,False
0.54,-328.6097,90.928795,93.04115,64.36395,45.937767,31.125097,8.381165,-8.326343,-19.768654,-31.980228,-30.396753,-7.866265,-4.8670692,-12.584206,-0.9071007,-0.5668226,-2.267308,6.0356107,-5.6102066,-14.648797,-43.813393,13.965927,11.930357,9.316994,5.10783,2.6007066,0.14215045,-0.84373933,-3.6545877,-3.6738198,-0.5092336,-0.17473817,0.60248864,-0.9336765,1.0937783,1.4687475,1.6806155,0.4407319,-0.10439096,-0.51570046,0.0175,0.021293001,0.93081695,0.28884438,0.13059703,False
0.55,-360.75583,100.846954,94.79821,86.19284,48.270924,27.2673,3.6689184,-9.959111,-13.027372,-26.18168,-26.079771,-29.554745,-15.170559,-3.2088265,9.013853,6.2076387,1.0108783,0.5775981,-5.969639,-19.036533,-41.182392,14.459013,10.695898,8.002235,3.4217274,1.251193,-0.21796691,-1.1051865,-2.7079034,-2.03051,-0.16619918,-0.42392054,0.47159767,-0.09418501,0.6002903,1.186296,1.1597291,0.48394784,0.5001625,-0.38270968,0.015,0.013766958,0.96274835,0.1867519,0.1119403,False
0.56,-422.5486,114.22554,122.297005,88.76689,59.759357,32.194637,3.6590269,-19.815685,-32.674286,-33.85263,-19.537518,-4.768398,-3.31922,-7.842338,-8.883644,-7.057558,7.121455,4.1349,-3.8343883,-12.095213,-37.11733,13.678447,9.426881,6.7716565,2.9811957,0.5728411,-0.7301219,-1.5956194,-2.2609167,-0.3613238,0.91943383,-0.35703036,0.07882259,0.00025621007,0.11728121,1.1078529,0.7970137,-0.05858015,0.58588535,0.7237163,0.0175,0.01298361,0.98458374,0.17612562,0.13059703,False
0.57,-464.694,134.59601,128.84656,91.21881,59.340813,32.989033,5.9102774,-13.51495,-35.325874,-36.797947,-15.94289,-11.341888,-13.810827,-5.359787,6.8667707,2.136697,-1.2006816,-1.664404,-11.004923,-15.889487,-31.38286,11.993356,7.6425138,5.611357,2.489766,-0.022738488,-1.067724,-1.560485,-1.8045205,-0.14944719,0.979361,-0.42887405,0.07683839,0.882498,0.08867935,0.6719717,0.32480875,-0.7411009,0.1427285,0.6980588,0.0175,0.008621996,1.0,0.11695933,0.13059703,False
0.58,-495.611,152.57149,131.47594,99.96622,59.00943,32.05704,5.2853127,-17.48249,-31.154404,-34.685265,-23.750677,-16.712597,-2.345061,-4.781378,-0.42688662,6.267245,0.056015432,2.0504255,-3.1217027,-14.5134325,-25.327188,9.862319,5.8225007,4.163761,2.3056145,-0.403557,-1.245253,-1.61724,-1.3831846,0.1813628,0.255272,-0.17648102,0.3565004,1.320747,0.21820046,0.31840926,-0.17833053,-1.2249458,-0.43714178,0.48690328,0.0175,0.009325439,1.0,0.1265017,0.13059703,False
0.59,-514.2109,166.02872,136.70901,99.997955,60.274216,26.50708,-1.7834672,-21.06589,-27.754532,-26.425364,-22.08517,-14.544135,-4.857155,-0.08291122,-0.25539678,0.21109158,-2.0493538,-1.9233956,-5.3425517,-11.742576,-18.233084,7.593923,4.132342,2.3585298,1.5331821,-0.5602181,-1.1726315,-1.2911648,-0.91637754,0.21622293,-0.29477397,0.4286533,0.65715826,0.85357636,0.06333127,0.12210911,-0.5005579,-1.023352,-0.5080754,0.53176093,0.015,0.004995822,1.0,0.06776945,0.1119403,False
0.6,-520.7017,164.75266,139.066,102.71576,62.367947,25.114689,-3.3767653,-21.059376,-28.619587,-27.826027,-21.756395,-14.068672,-6.9747787,-1.4962238,1.3073057,1.2006432,-0.8354536,-4.149018,-8.421556,-12.423416,-10.577609,4.949252,1.7872683,1.6357633,0.5425773,-1.0766577,-1.3880941,-0.91490537,0.2815417,0.70368105,-0.6070167,-0.6929298,0.06606181,0.89730084,0.6245011,0.41572836,-0.58308417,-1.0942088,-0.5590275,0.14591877,0.0175,0.002498123,0.99998254,0.033887606,0.13059703,False
0.61,-526.14197,158.76508,137.07129,105.06474,68.01779,31.653545,0.9936422,-20.560158,-31.713467,-33.26078,-27.617157,-18.062176,-7.910334,0.18751615,4.6695967,5.164048,2.3039098,-2.6411476,-8.189198,-13.014788,-5.6298966,2.0929723,0.8843399,0.9256226,0.48563626,-0.8968852,-1.300036,-1.1238137,8.322398e-05,0.37538767,-0.66575205,-0.17067204,0.2569958,0.55122834,-0.101339795,-0.2415014,-0.09105263,-0.79788494,-0.4354062,0.16612117,0.0175,0.0076761357,0.9905612,0.10412852,0.13059703,False
0.62,-523.02216,162.30325,138.32375,103.49722,64.17419,26.94252,-2.8498402,-22.124577,-30.422037,-29.55691,-22.769625,-13.682208,-5.375371,0.1874664,2.3091655,1.3443098,-1.721417,-5.7178106,-9.624673,-12.734183,-2.4556906,0.21360652,0.31471,0.1963651,0.31512764,-0.58057475,-0.92592204,-0.75517887,-0.49254316,-0.18968509,-0.26694125,0.06595174,-0.28474286,0.3658397,0.35788864,-0.24475719,-0.14446926,-0.836167,-0.8282426,-0.11591639,0.0175,0.0076249014,0.9841394,0.10343351,0.13059703,False
0.63,-521.90027,163.56769,138.7534,102.91269,62.779415,25.206448,-4.415067,-23.17809,-30.90213,-29.64352,-22.738737,-13.740425,-5.563889,-0.022474289,2.234254,1.4908493,-1.3947641,-5.3449173,-9.3309555,-12.540746,-0.7515391,-0.47445652,-0.12814865,-0.049926504,-0.085063554,-0.38373154,-0.55531406,-0.5801154,-0.627361,-0.54175204,-0.2393635,0.0091887,0.01701166,0.07715234,0.17031965,-0.011740132,-0.16459842,-0.5091691,-0.5315251,-0.23826817,0.0175,0.005812495,0.9724615,0.07884781,0.13059703,False
0.64,-521.6197,163.6856,138.16142,101.50073,60.800793,23.152355,-6.045077,-24.097301,-31.145418,-29.518559,-22.653412,-13.999126,-6.235047,-0.93783927,1.3589859,0.8859817,-1.678845,-5.4542913,-9.51213,-12.989559,-0.06183268,-0.12040939,-0.23736878,-0.41947174,-0.5801495,-0.67017275,-0.6837143,-0.5871827,-0.38258278,-0.1600369,0.008124669,0.107860394,0.10826464,-0.0019006061,-0.14755163,-0.25832027,-0.3285078,-0.3366788,-0.25439554,-0.12951647,0.0175,0.0051909033,0.9601233,0.07041578,0.13059703,False
0.65,-525.2111,159.49788,136.26091,102.29953,63.577675,26.407627,-3.9084013,-24.088648,-33.306953,-33.000362,-26.17203,-16.435543,-7.0848856,-0.42515695,2.511979,1.8743278,-1.3711298,-5.901181,-10.448215,-14.063798,0.044088744,-0.024442038,-0.25066885,-0.5276745,-0.7480548,-0.82800525,-0.73878074,-0.51478386,-0.23634984,0.0040724752,0.13728803,0.13984442,0.03610514,-0.118251696,-0.26178813,-0.3499999,-0.36641556,-0.32012996,-0.2344285,-0.1341928,0.0175,0.007904048,0.9501894,0.1072202,0.13059703,False
0.66,-524.7976,160.00659,136.56442,102.33104,63.35192,26.015951,-4.3234844,-24.36966,-33.318153,-32.65734,-25.460749,-15.419975,-5.901883,0.7362071,3.4489067,2.4240904,-1.2733274,-6.1801605,-10.885368,-14.346701,-0.365802,-0.49135512,-0.42345887,-0.33919677,-0.2686809,-0.2337789,-0.23930049,-0.2718722,-0.3066904,-0.31882858,-0.29395905,-0.23398566,-0.15553686,-0.0825508,-0.036457047,-0.028117163,-0.05446664,-0.100610785,-0.14602582,-0.1721774,0.0175,0.007429714,0.93503076,0.10078575,0.13059703,False
0.67,-523.2281,161.75943,137.10873,101.41933,61.32369,23.64566,-6.1533074,-25.027481,-32.663433,-31.067955,-23.648975,-14.126914,-5.604457,-0.0122862905,2.0095508,0.87684643,-2.363048,-6.473438,-10.366197,-13.285786,-0.421049,-0.5386698,-0.3905032,-0.20751889,-0.05584787,0.01707948,0.0011702855,-0.0753556,-0.16209666,-0.21116015,-0.19838636,-0.13162516,-0.043387033,0.027075393,0.05270966,0.029548617,-0.024606688,-0.08143619,-0.11648423,-0.119224325,0.02,0.0056214673,0.923711,0.07625648,0.14925374,False
0.68,-522.0992,162.86653,136.98016,99.89413,58.89785,21.231,-7.6621118,-25.166443,-31.59659,-29.481773,-22.406776,-13.8595495,-6.436712,-1.5485808,0.44976375,-0.09451969,-2.4928057,-5.9547415,-9.695078,-12.975893,-0.30697834,-0.3890119,-0.26933417,-0.11546453,0.024229305,0.1125795,0.13676755,0.10998103,0.061767388,0.022493998,0.009653186,0.022249412,0.045019522,0.05926606,0.054030057,0.031754896,0.005898388,-0.007568717,0.00028527578,0.026111523,0.0175,0.0015005487,0.91050285,0.020355282,0.13059703,False
0.69,-524.7145,159.79987,135.54053,100.39105,60.844303,23.5816,-6.0401435,-25.00773,-32.953964,-31.759132,-24.67302,-15.283047,-6.6357584,-0.70782954,1.7271974,0.91564584,-2.2310195,-6.5196714,-10.791891,-14.134592,-0.08029073,-0.12785466,-0.15799408,-0.17272148,-0.14008446,-0.04652481,0.09267983,0.23726921,0.3386484,0.3613587,0.29905155,0.17740425,0.042837612,-0.057322428,-0.093851276,-0.06533464,0.0049113133,0.08197877,0.13546109,0.15085486,0.0175,0.0048720916,0.895957,0.06609102,0.13059703,False
0.7,-526.65454,157.60294,134.7602,101.32385,63.110275,26.305641,-3.8507962,-24.06115,-33.41881,-33.254124,-26.48238,-16.681973,-7.1737967,-0.33462608,2.7228203,2.093576,-1.256265,-5.9526176,-10.648389,-14.322796,-0.45438537,-0.5528549,-0.31111273,0.009485245,0.314784,0.5206186,0.5792561,0.492212,0.30576685,0.091833845,-0.0780927,-0.15623799,-0.13131858,-0.027471082,0.10858689,0.22617818,0.2877754,0.27897233,0.20921992,0.10484266,0.0175,0.0080103045,0.8851087,0.10866159,0.13059703,False
0.71,-525.3628,159.18365,135.70303,101.49603,62.68979,25.706926,-4.1426954,-23.6768,-32.23542,-31.423756,-24.355804,-14.669023,-5.6014886,0.64378,3.1441996,2.1373763,-1.3459849,-5.939825,-10.351759,-13.636488,-0.60798746,-0.7221387,-0.35546696,0.11864293,0.5492353,0.8109347,0.8463224,0.6798093,0.39977023,0.11876182,-0.07032163,-0.12448411,-0.057297636,0.077007115,0.21181177,0.29515523,0.30495554,0.24905679,0.15415761,0.051509716,0.0175,0.0066341115,0.8698344,0.08999322,0.13059703,False
0.72,-524.81055,159.7778,135.83398,101.13205,62.070816,25.237743,-4.082478,-22.915665,-30.899595,-29.892418,-23.103956,-14.070244,-5.7785196,-0.14124866,2.128903,1.3205761,-1.6507661,-5.6410522,-9.592258,-12.71812,-0.522113,-0.6090551,-0.26532364,0.17730497,0.5766261,0.8166618,0.84723157,0.6950436,0.4441591,0.19673039,0.032275613,-0.017579254,0.029265165,0.12414406,0.21490549,0.2679317,0.27597106,0.25138497,0.21194841,0.16885975,0.0175,0.0063665253,0.8579007,0.08636336,0.13059703,False
0.73,-524.1996,160.35544,135.69667,100.212166,60.70108,23.994118,-4.6570935,-22.57177,-29.799597,-28.532686,-22.081535,-13.810118,-6.352057,-1.2584233,0.95862424,0.5446551,-1.8320477,-5.3431683,-9.155022,-12.510334,-0.40322366,-0.4788925,-0.23190944,0.09865214,0.42001522,0.6487764,0.735958,0.6785843,0.5150278,0.30758104,0.11997537,-0.0016537826,-0.03860856,0.0010617706,0.09091412,0.19725525,0.2886807,0.34188968,0.3441515,0.29401138,0.0175,0.0047507575,0.84565604,0.0644451,0.13059703,False
0.74,-529.367,154.46518,133.48924,102.48348,66.49278,31.029184,0.9790178,-20.286385,-31.407661,-33.059807,-27.538433,-18.049301,-7.8986254,0.21717525,4.672085,5.052926,2.002775,-3.145084,-8.816894,-13.609062,-0.5695404,-0.6996961,-0.41233853,-0.023458736,0.3624378,0.648947,0.7758628,0.7337623,0.56133354,0.32797176,0.108944796,-0.037918013,-0.08682407,-0.04662817,0.04740801,0.14840676,0.21380983,0.21783945,0.15776818,0.05331265,0.0175,0.0070685935,0.83089024,0.09588707,0.13059703,False
0.75,-527.6155,156.40686,134.0484,101.39435,64.197495,28.521759,-0.5729228,-19.994738,-29.015564,-29.056652,-22.995405,-14.241259,-5.858156,0.045455933,2.5527525,1.8223358,-1.2612612,-5.510972,-9.794938,-13.251561,-0.64476115,-0.7874321,-0.45466232,-0.019775517,0.38409206,0.64406854,0.7043917,0.5796068,0.34110647,0.08488366,-0.10502189,-0.18296784,-0.14974399,-0.0425442,0.08561834,0.18691869,0.232274,0.21478339,0.145439,0.045927666,0.0175,0.008385899,0.82055587,0.11375661,0.13059703,False
0.76,-526.6897,157.55139,134.75647,101.54238,63.838272,27.84224,-1.3403611,-20.664173,-29.502535,-29.377604,-23.221394,-14.435641,-6.0308795,-0.051733732,2.6259413,2.1629434,-0.588563,-4.4934225,-8.478498,-11.743675,-0.46623942,-0.5809939,-0.37140477,-0.09737549,0.15821877,0.32644472,0.37502196,0.31522664,0.19168068,0.060964935,-0.030960465,-0.063252896,-0.042058103,0.008653924,0.061151195,0.095724635,0.10557699,0.09450441,0.070730515,0.041469637,0.015,0.0055567585,0.80710626,0.075378686,0.1119403,False
0.77,-528.471,155.37169,133.47818,101.41992,64.73919,29.305521,0.066140056,-19.87505,-29.648666,-30.444511,-24.890709,-16.21172,-7.4137144,-0.6945162,2.8234966,3.046882,0.6426674,-3.3241413,-7.729288,-11.6284895,-0.30555522,-0.4033165,-0.3251854,-0.21918856,-0.111685246,-0.024448935,0.031722244,0.05785958,0.06256018,0.05552794,0.042591095,0.024673192,0.00062628585,-0.028432688,-0.056488898,-0.073805824,-0.07160637,-0.04764437,-0.009252231,0.028499603,0.0175,0.0035421841,0.7939922,0.04805053,0.13059703,False
0.78,-531.07294,152.06682,131.19458,100.52834,65.25196,30.906742,2.2384186,-17.676031,-27.833412,-29.195396,-24.159843,-15.803236,-7.1142836,-0.4010538,3.0274165,2.8969443,-0.21440506,-5.178653,-10.64562,-15.33102,-0.18111776,-0.2680438,-0.29751334,-0.3284448,-0.3418077,-0.32371622,-0.27125922,-0.19372015,-0.10893666,-0.036632158,0.00837396,0.020397473,0.0033492805,-0.03208404,-0.072753005,-0.10690396,-0.12638,-0.12710862,-0.10875197,-0.07439706,0.0175,0.006827259,0.7840158,0.09261332,0.13059703,False
0.79,-528.87103,154.87573,133.15509,101.28358,64.709885,29.25724,-0.09926379,-20.166336,-29.970207,-30.637905,-24.81389,-15.81641,-6.7819333,-0.014255524,3.3336892,3.2302628,0.47133118,-3.7373028,-8.177618,-11.895166,7.707936,0.27600783,-3.9547231,-2.730289,-1.8251957,-0.7074992,0.039824765,0.49022397,0.5621402,0.4066304,0.11936369,-0.14451556,-0.31303304,-0.34132656,-0.26656383,-0.14081608,-0.028128197,0.045808896,0.07314529,0.07455759,0.015,0.009257976,0.77019113,0.12558654,0.1119403,False
0.8,-527.2337,156.63065,133.45898,99.839035,61.92248,26.052353,-2.6649868,-21.326439,-29.525276,-28.98427,-22.734566,-14.144735,-6.0902653,-0.4504581,2.0195203,1.5140942,-1.1620376,-4.9578085,-8.866403,-12.10224,26.139292,-2.9003904,-9.653925,-6.6444426,-4.1016955,-1.2212797,0.85995954,2.1817179,2.5554366,2.2489238,1.4809206,0.6114231,-0.12574449,-0.5476032,-0.64071715,-0.46101394,-0.13547798,0.23206227,0.54359925,0.7514602,0.0175,0.004314779,0.7589677,0.058530953,0.13059703,False
0.81,-528.6593,154.8183,132.17871,99.21657,61.84391,26.226141,-2.5797808,-21.585072,-30.212942,-30.011345,-23.901714,-15.23897,-6.966193,-1.0670029,1.609877,1.2042279,-1.4923695,-5.4138174,-9.523553,-12.994318,22.590267,-7.1117463,-15.341742,-10.923305,-7.0483894,-2.7169266,0.5661919,2.8020573,3.7016468,3.5755172,2.6929686,1.5304866,0.4268773,-0.32583123,-0.6443203,-0.53899586,-0.1336941,0.43954912,1.0157946,1.472464,0.0175,0.005922218,0.7484901,0.08033623,0.13059703,False
0.82,-530.9289,152.2203,131.15833,100.075905,64.09608,28.802168,-0.8810631,-21.595482,-32.05192,-33.041588,-26.99571,-17.239336,-7.145611,0.5995558,4.4636087,4.191527,0.60997754,-4.789096,-10.345677,-14.671999,7.086559,-15.43157,-19.39066,-14.225191,-9.112223,-3.787852,0.40561512,3.256701,4.51457,4.4702272,3.4867997,2.1071835,0.76783407,-0.18183371,-0.60669535,-0.50746065,-0.016971953,0.6937998,1.4234631,2.0104945,0.0175,0.008369008,0.735107,0.11352749,0.13059703,False
0.83,-409.6827,163.68103,77.509796,62.813873,38.906216,19.942612,2.228787,-10.175283,-17.966316,-20.478573,-19.225029,-15.207221,-10.197369,-5.364315,-1.9651719,-0.54430336,-1.277663,-3.6124566,-6.8450465,-10.061235,-6.711272,-21.437271,-21.405241,-15.911043,-10.054339,-4.236917,0.4271639,3.5633457,4.984621,4.9616218,3.926691,2.4477255,1.0101814,-0.02495627,-0.5050188,-0.43763888,0.039038602,0.7381055,1.4592825,2.0461724,0.0175,0.008031431,0.72534883,0.10894818,0.13059703,False
0.84,-223.81651,107.751144,32.186108,31.573254,22.982004,18.355288,12.116917,7.1011786,2.2371898,-1.3517456,-4.0669556,-5.443979,-5.7675776,-5.0005503,-3.6804576,-2.1996593,-1.101751,-0.57190186,-0.8011789,-1.701936,-18.446272,-24.674448,-21.069872,-15.858487,-9.954096,-4.3083286,0.2912128,3.3678641,4.812715,4.846217,3.9094143,2.5237823,1.1616533,0.15747014,-0.32736254,-0.29175818,0.14862043,0.8162128,1.5233418,2.1126547,0.0125,0.07477532,0.42533904,1.0,0.09328359,True
0.85,-478.72968,78.63219,6.0062246,8.462302,3.074254,1.935075,-0.45986134,-1.3553631,-2.0472016,-1.759829,-1.2949915,-0.55480784,-0.04903055,0.28016385,0.2280057,0.0023212358,-0.26574123,-0.29056907,-0.17216747,-0.03786971,-15.18923,-23.066935,-18.392584,-14.809624,-7.8430595,-4.4279885,0.25945947,1.7122073,5.3067183,3.780459,3.471011,2.7893324,0.8703102,0.64149886,-0.45672426,-0.07385061,0.08043543,0.61974126,1.5636132,1.8358507,0.005,0.034153074,0.007827057,0.46329418,0.037313435,False
0.86,-643.8333,0.0,0.0,0.0,0.0,0.0,0.0,0.0,0.0,0.0,0.0,0.0,0.0,0.0,0.0,0.0,0.0,0.0,0.0,0.0,9.26094,-20.078522,-12.51004,-11.159789,-6.2558966,-4.4095397,-0.18326983,0.65434015,4.6520963,2.4845355,2.1599314,2.0320864,1.3867527,1.1685333,0.43987942,0.697788,0.57756984,0.15237494,1.0867212,0.9899142,0.0,0.0,0.0,0.0,0.0,False
0.87,-643.8333,0.0,0.0,0.0,0.0,0.0,0.0,0.0,0.0,0.0,0.0,0.0,0.0,0.0,0.0,0.0,0.0,0.0,0.0,0.0,26.71921,-15.345042,-4.6312795,-5.029553,-1.7778406,-1.8636845,0.0005076284,-0.028014397,3.5017462,1.5432583,0.9669182,1.203767,1.1372977,1.6372381,0.78353405,0.8810137,0.2042777,-0.14697191,0.9150984,0.9471632,0.0,0.0,0.0,0.0,0.0,False
0.88,-643.8333,0.0,0.0,0.0,0.0,0.0,0.0,0.0,0.0,0.0,0.0,0.0,0.0,0.0,0.0,0.0,0.0,0.0,0.0,0.0,44.575462,-6.4417768,1.7852553,-0.21442525,1.135668,1.1407434,0.7763429,0.8327071,2.7704089,1.039845,0.1937836,-0.474576,0.44836193,0.60433346,0.04966656,-0.4733691,-0.23718944,-0.42776304,0.29081073,0.12151999,0.0,0.0,0.0,0.0,0.0,False
0.89,-449.73993,31.757824,1.4601228,-8.570603,17.468681,-4.031931,4.7949367,-15.41092,16.925028,-8.662874,-2.7125869,4.706908,-5.811327,5.072852,-3.7959805,2.4180474,-0.7426241,-1.658724,2.5485692,-1.9166586,70.27228,0.76275,5.2908235,4.0196886,4.4478025,4.0687556,2.61669,3.277883,3.2063346,0.5918494,-0.14428605,-1.2119133,0.0043195975,-1.2871773,-0.8716095,-0.5825948,-0.45130256,-0.122702,0.70916647,0.24078077,0.06,0.070841745,0.009995218,0.9609843,0.4477612,False
0.9,-110.68757,23.518497,18.139582,4.119623,-1.4046544,-9.69861,0.38877013,-4.6419034,12.167806,-5.7511597,-9.338295,-4.554329,7.4701023,7.869446,10.651679,11.337335,8.254935,-4.3273644,-1.5337031,-6.7921543,70.23612,6.6825757,7.4981256,7.138414,6.383671,6.122459,4.472706,3.7671666,2.0090666,0.6747068,0.2221864,-0.88161194,-0.710967,-2.1415455,-1.5576248,-1.6285198,-0.5728911,0.12215122,0.5258814,0.23485172,0.2,0.023225216,0.31930482,0.3150553,1.0,False
0.91,-108.236145,20.117058,20.848553,16.477253,23.331387,16.01127,8.405112,5.2395906,17.625801,9.421385,-0.05895403,-0.44881308,-0.18501423,7.1454153,1.050729,1.3102932,-4.992571,-2.316361,6.0704546,8.903271,50.246674,7.598499,9.2168455,9.014302,7.2472577,7.188052,5.56974,3.463501,1.6151972,1.1319994,-0.026962645,-1.3657606,-0.6855985,-2.3172865,-1.698702,-1.7697254,-0.6020637,-0.13203476,-0.480474,0.32128212,0.265,0.055446096,0.43467325,0.75213885,1.0,False
0.92,-148.15096,35.312134,38.39837,22.428501,21.159332,30.766579,15.720211,20.819252,18.723412,10.901317,3.2600646,-11.541677,-1.2223804,-6.2874227,-7.929346,-16.554354,-5.056282,-2.8906403,-0.9912753,-2.7097497,22.134655,8.113669,9.951714,9.83822,7.4015856,8.296814,5.498997,4.0929933,0.73208785,1.3224831,-0.29491743,-1.039968,-0.7180031,-2.880759,-2.4335299,-1.8171786,-0.23407194,-0.32301977,-0.79398006,0.3475503,0.1325,0.075356044,0.55103534,1.0,0.988806,True
0.93,-197.49232,47.651184,41.610626,42.667725,42.60726,34.31049,22.70058,30.739124,20.150406,-4.3309784,-3.5402799,-8.714262,-0.84246975,-19.851997,-10.087412,0.18968451,-2.8105164,2.2769027,8.556985,2.8525574,-14.921895,8.288298,10.642879,10.205451,7.0895987,7.858858,5.168757,4.2348742,-0.073574334,1.3624392,-0.08238462,-1.3362943,-1.2587991,-2.7515252,-2.2448003,-2.0663583,-0.45504498,-0.004742718,-0.53932667,-0.19318955,0.05,0.08796711,0.7065255,1.0,0.37313437,False
0.94,-258.2644,49.75437,57.21762,57.599197,51.754276,45.70993,41.3025,17.880901,5.486294,3.3971128,3.6945653,0.3712865,-10.828041,-14.608615,-13.045817,-16.015945,-2.8948517,1.7343206,1.0856491,0.033250317,-43.22663,9.9525795,10.512296,9.168617,7.5002275,7.0981107,5.413012,2.6061418,-0.19288152,0.60869026,0.47910982,-0.92303514,-2.9712777,-2.7120984,-2.4603236,-1.9264472,-0.013022399,0.16975747,-0.39073008,-0.08579956,0.02,0.0694185,0.8068189,0.94167763,0.14925374,False
0.95,-296.06787,65.76662,70.19952,61.818752,51.68287,44.250824,39.78354,9.101527,16.861647,8.103089,-5.911107,-12.307451,-2.4742546,-7.801195,-7.905195,-6.4468193,-2.498067,-5.6082563,-11.161161,1.3890848,-46.65635,10.900005,11.023174,8.469229,6.153889,4.9368563,3.9404395,1.2731036,-1.1150937,0.32106742,-0.3634435,-1.4030607,-2.821775,-1.4263266,-1.1203666,-0.4987104,0.11562781,-0.067618385,-0.40033194,-0.48148263,0.0175,0.043606754,0.86720717,0.5915355,0.13059703,False
0.96,-330.96506,76.196976,72.991615,61.493866,53.964706,55.961063,32.212772,25.37428,13.738459,6.126728,-7.67097,-3.2351966,-3.959415,-15.567467,-18.787754,-6.6522365,2.8348827,-6.062306,-3.5587113,0.83392316,-46.026936,10.920027,10.24622,8.32303,6.4956374,3.675905,2.391625,0.15358764,-1.5909425,0.017888483,-0.56713176,-1.0546087,-2.561729,0.14068033,-0.48987135,0.54568684,-0.16971903,-0.27486154,0.08374965,0.449708,0.0125,0.034796067,0.90541494,0.4720165,0.09328359,False
0.97,-386.91602,90.13809,90.583984,70.01706,60.461166,46.75057,36.373505,24.403671,18.33478,5.4004955,-2.3813987,-13.375778,-12.57514,-9.068736,-9.63133,-11.341195,-5.290869,0.061048865,4.0740023,-7.462717,-43.48894,11.4094515,9.927059,7.5212464,5.3536625,2.7991948,0.90435475,-0.089776106,-1.4716773,-0.17810854,-0.71715474,-1.185178,-1.8854035,0.60562253,-0.27107608,0.031020347,-0.47263578,-0.37627298,0.08954167,0.45691186,0.0125,0.02595189,0.93337756,0.35204327,0.09328359,False
0.98,-434.02618,95.32013,99.0786,77.173584,64.579834,58.636253,48.090633,23.20905,12.057515,5.6736383,5.64841,-11.959576,-26.030006,-19.024094,-13.357981,-11.36269,4.2596283,-0.0069370717,0.31593955,2.7893748,-38.687477,11.490712,8.814218,6.96155,4.802003,1.7165968,-0.41115984,0.36161265,-1.182793,-1.3267215,-1.1110432,-1.1782396,-1.0688392,0.13358492,0.070319764,0.69418895,-0.59652585,-0.06429282,0.73675776,0.6305986,0.01,0.011154019,0.95890033,0.1513068,0.07462687,False
0.99,-480.78796,110.757034,112.25581,87.80853,73.59479,60.379036,38.669857,23.838179,4.7435894,12.610014,-5.039922,-17.948921,-19.75674,-9.848898,-10.475851,-6.639598,-10.437344,-2.4363306,2.4876456,2.5141568,-33.334995,10.085198,7.5656514,6.66159,4.4777575,1.3226207,-0.2878717,0.020259636,-1.849825,-1.8838464,-0.8938594,-0.4606157,-0.9747295,-0.091668814,0.14365146,0.14818256,-0.66069436,0.31798688,0.9439939,0.6237213,0.01,0.016678585,0.98390985,0.22624879,0.07462687,False
1.0,-515.49036,122.907394,113.08117,101.58159,86.745895,59.265648,37.07607,21.809166,2.7604916,-1.9987147,-5.981529,-14.002301,-15.336407,-9.154918,-14.398472,-4.350123,-4.7609863,-4.025336,1.3930378,5.1245594,-26.53343,8.374074,6.1975226,5.957593,3.7657876,0.74771535,-0.09408512,-1.0153917,-1.5853006,-1.9947603,-1.337797,-0.651408,-0.17732708,0.21567236,0.63041115,0.3036871,-0.6190998,0.17800872,0.14821202,0.67717314,0.01,0.0169223,1.0,0.22955485,0.07462687,False
1.01,-538.7817,136.65219,121.06896,105.58481,83.05875,57.39872,36.0231,19.619267,6.598862,-5.095926,-10.805967,-10.709911,-11.583357,-12.969924,-13.211178,-6.8203745,-4.887,-2.1472547,1.8765023,4.8363547,-18.483406,6.374145,4.163518,4.4722223,2.6697671,0.8265334,-0.5618728,-0.9115732,-1.4037495,-2.0447762,-1.8117828,-0.013495382,0.7453479,0.010937119,0.29258,0.48176047,-0.10125026,-0.09138402,-0.25864437,0.6082656,0.0125,0.014307589,1.0,0.19408569,0.09328359,False
1.02,-540.81055,140.44093,125.81607,104.70618,80.578415,56.53855,34.949696,17.340717,4.328268,-4.3441067,-9.480027,-11.973623,-12.544907,-11.739529,-9.995045,-7.6494007,-4.966486,-2.219963,0.2794823,2.2672403,-11.465236,4.6136665,2.7609627,2.900604,1.4996264,-0.082111165,-0.91144174,-0.85680443,-0.67837244,-1.88111,-1.6597869,0.08180226,1.2051438,0.3261557,0.54478014,0.21372108,-0.21364588,0.023234313,-0.11617398,-0.15783629,0.0125,0.009817494,1.0,0.13317654,0.09328359,False
1.03,-542.4098,138.70776,125.322815,105.447495,82.048645,58.175594,36.341614,18.172768,4.364128,-5.1351824,-10.842436,-13.485119,-13.82537,-12.563881,-10.294909,-7.48976,-4.5042367,-1.6114587,0.9495778,2.9365845,-5.8836184,2.3433993,1.3903724,1.2890465,0.32367122,-0.13042018,-0.19274038,-0.70081973,-0.16596156,-1.4790386,-0.6999079,0.2602129,0.5101703,-0.18298031,0.46071973,-0.13375095,0.4659422,0.18630199,-0.1987424,-0.20340349,0.0125,0.006118907,1.0,0.08300436,0.09328359,False
1.04,-544.45557,136.34663,124.32831,106.07457,83.89563,60.401955,38.05757,18.805477,3.837744,-6.4575605,-12.386417,-14.72704,-14.467545,-12.573049,-9.831539,-6.796957,-3.8161178,-1.1035504,1.1788017,2.872562,-2.6197968,0.3535914,0.5035259,0.060227584,-0.27968675,0.19311282,0.1965941,-0.180937,0.0009098569,-0.30339843,-0.45162183,-0.20057191,-0.042854294,-0.16997437,0.50809216,-0.12641701,0.1567605,0.2933478,0.0028065979,-0.19238734,0.0125,0.005394707,1.0,0.07318042,0.09328359,False
1.05,-544.2041,136.62164,124.38225,105.82403,83.33577,59.607788,37.165924,17.98257,3.2411523,-6.713802,-12.25614,-14.241681,-13.730328,-11.739319,-9.078789,-6.2891874,-3.667992,-1.3510306,0.59461296,2.1019926,-1.2938477,-1.1821581,-0.5948088,-0.333284,0.10221507,0.5325884,0.58745915,0.35782132,0.07465952,-0.029084928,-0.21412294,-0.4738273,-0.40856948,-0.12502037,0.18710151,0.09114762,0.2695344,0.33332884,0.23230273,0.119242474,0.01,0.005324881,0.9863617,0.072233215,0.07462687,False
1.06,-543.053,137.89316,124.71118,104.95886,81.44615,57.22065,34.976578,16.612158,3.0288136,-5.8109126,-10.624669,-12.4568,-12.346587,-11.106388,-9.246609,-7.0289183,-4.5901985,-2.067239,0.33195353,2.3318949,-1.4770955,-1.8585604,-1.248746,-0.4609656,0.27674574,0.78996474,0.99224675,0.886572,0.5531761,0.12312905,-0.26553434,-0.5123449,-0.57564634,-0.4669305,-0.23456532,0.051681478,0.31794938,0.5062715,0.5874763,0.5611464,0.01,0.008606424,0.9639697,0.11674809,0.07462687,False
1.07,-544.7478,135.70755,123.10419,104.14957,81.45685,57.886097,36.00499,17.675797,3.8544104,-5.3791146,-10.604502,-12.750614,-12.792406,-11.536922,-9.536023,-7.11547,-4.4733973,-1.7875885,0.71843755,2.7734535,-1.5228119,-1.9428866,-1.3690313,-0.5876612,0.19818242,0.8003513,1.0982059,1.0652295,0.7644033,0.31856647,-0.13108638,-0.46430403,-0.60883534,-0.5509615,-0.33027372,-0.022504942,0.28426147,0.5140064,0.6218025,0.60246736,0.0125,0.0119494945,0.9408026,0.1620976,0.09328359,False
1.08,-548.7429,130.71516,119.895226,103.34096,82.99637,61.09771,39.819046,20.964542,5.7629495,-5.209242,-11.981209,-15.0496235,-15.195354,-13.301995,-10.211703,-6.635441,-3.1169858,-0.036337584,2.366191,3.962246,-1.2759186,-1.6412079,-1.1920164,-0.5668462,0.08527234,0.6169004,0.92087835,0.9560103,0.752959,0.39979854,0.0127250515,-0.2984328,-0.45946646,-0.44771746,-0.29139727,-0.05430732,0.18773207,0.3705896,0.45843425,0.44908443,0.0125,0.013665318,0.9187909,0.18537313,0.09328359,False
1.09,-551.42175,127.32762,117.60106,102.53735,83.686775,62.908253,42.121536,23.065533,7.0998354,-4.923044,-12.701329,-16.445133,-16.770784,-14.553524,-10.767837,-6.342785,-2.0530086,1.5439458,4.123294,5.57047,-0.96519876,-1.2388158,-0.89199954,-0.41060257,0.08937886,0.49427536,0.72302043,0.74661565,0.5915534,0.32721266,0.042096075,-0.18304592,-0.2968897,-0.28796542,-0.18192187,-0.028003462,0.11967381,0.21946542,0.2528382,0.22578734,0.0125,0.0115307495,0.8996424,0.15641722,0.09328359,False
1.1,-553.9284,124.14189,115.412254,101.75972,84.420364,64.921074,44.90795,25.966885,9.458212,-3.6141057,-12.684386,-17.65026,-18.841116,-16.93738,-12.854438,-7.6085973,-2.183881,2.5830889,6.086689,7.996315,-0.55282694,-0.7041875,-0.49216664,-0.20184644,0.09267591,0.3215419,0.4390395,0.4348601,0.33355436,0.18313833,0.037400007,-0.061714966,-0.09577402,-0.07223676,-0.017709827,0.034571037,0.057981748,0.041642766,-0.007349521,-0.06866138,0.0125,0.0066308384,0.88489,0.089948826,0.09328359,False
1.11,-553.116,125.15953,116.06897,101.91653,84.06477,64.17203,43.988495,25.150578,9.001951,-3.535073,-12.023525,-16.507332,-17.445301,-15.5990505,-11.896043,-7.2901745,-2.6402874,1.3784442,4.3227997,5.9889536,0.15321757,0.1823588,0.090156555,-0.031027984,-0.14331716,-0.2115989,-0.21406002,-0.14825764,-0.031145398,0.10647427,0.22893275,0.3052322,0.31647083,0.2595273,0.14660846,0.0013382514,-0.14727333,-0.27147642,-0.35058162,-0.37481502,0.01,0.01293196,0.87558967,0.17542496,0.07462687,False
1.12,-549.8042,129.29572,118.70827,102.50513,82.583374,61.12653,40.258995,21.74483,6.7854743,-4.05705,-10.815937,-13.983934,-14.331452,-12.724365,-9.97769,-6.7641582,-3.5791712,-0.74985975,1.5305935,3.1621437,0.68580526,0.8508181,0.5280993,0.09446628,-0.32764372,-0.6231462,-0.7179423,-0.59873116,-0.3135258,0.046131916,0.37454468,0.5829722,0.62299174,0.49589115,0.24684405,-0.0527054,-0.32782266,-0.5207751,-0.60388017,-0.58184296,0.01,0.016266394,0.8716937,0.22065732,0.07462687,False
1.13,-548.1382,131.40482,120.14279,103.01712,82.163574,59.993702,38.78544,20.344326,5.7993717,-4.4418135,-10.595942,-13.313501,-13.457136,-11.905407,-9.4186125,-6.577168,-3.7809865,-1.2849567,0.7559004,2.2498488,0.79058534,0.989372,0.63889503,0.16279882,-0.31066895,-0.658547,-0.7978047,-0.7069071,-0.4284335,-0.053058345,0.30912888,0.56054896,0.6416869,0.5434346,0.30402273,-0.006878495,-0.31076613,-0.5422553,-0.66412115,-0.6719776,0.01,0.015314072,0.8714542,0.20773886,0.07462687,False
1.14,-547.8484,131.80914,120.52623,103.35362,82.41824,60.13272,38.79012,20.222258,5.5866165,-4.6899023,-10.822176,-13.477654,-13.547972,-11.9410095,-9.435269,-6.612873,-3.861868,-1.4214349,0.56153584,1.9901079,0.76017255,0.94890773,0.6043784,0.13338661,-0.34046504,-0.6967734,-0.85130364,-0.7774758,-0.51062906,-0.1347366,0.24353689,0.5251323,0.64430714,0.58288765,0.37018344,0.07005755,-0.23976432,-0.48942494,-0.63351786,-0.6585189,0.0125,0.013002097,0.8714847,0.17637639,0.09328359,False
1.15,-545.7933,134.2954,121.88841,103.24841,80.96153,57.841766,36.396072,18.424763,4.8378954,-4.3013844,-9.559591,-11.833506,-12.065121,-11.042065,-9.313021,-7.20624,-4.911024,-2.5732236,-0.36407495,1.4991851,0.3428721,0.41734517,0.23313116,-0.017743174,-0.2679845,-0.45201328,-0.52403736,-0.46996683,-0.30994943,-0.09116786,0.12654851,0.28775144,0.35600433,0.32209006,0.2039621,0.0391428,-0.12753017,-0.2568017,-0.3247562,-0.32686123,0.0125,0.0091138985,0.8677474,0.123632096,0.09328359,False
1.16,-546.9617,132.85666,121.02576,103.15256,81.602005,58.98914,37.70369,19.538029,5.49296,-4.2189245,-10.007343,-12.648521,-13.023339,-11.918818,-9.929096,-7.454544,-4.766646,-2.0919743,0.32781625,2.225945,-0.3408915,-0.44804028,-0.354636,-0.22548726,-0.09185651,0.016541036,0.07976487,0.092329025,0.0630835,0.010775566,-0.042824585,-0.0797857,-0.09062756,-0.07554416,-0.042383704,-0.0026296615,0.032913588,0.057220392,0.06812816,0.06752768,0.0125,0.0067497785,0.85706234,0.09156227,0.09328359,False
1.17,-548.93835,130.43584,119.610146,103.05664,82.73341,60.892582,39.721092,21.027119,6.029014,-4.7239366,-11.302586,-14.251686,-14.3947735,-12.640258,-9.828618,-6.6412907,-3.5713844,-0.9398583,1.0663326,2.3564773,-0.8585551,-1.108413,-0.8186957,-0.41965663,-0.011018371,0.31101042,0.4801063,0.47602808,0.3263556,0.09430333,-0.14255577,-0.31542143,-0.38214663,-0.33517426,-0.19849452,-0.01607294,0.16350819,0.30101115,0.3751841,0.3844643,0.01,0.0057164156,0.8385539,0.07754447,0.07462687,False
1.18,-547.66656,131.91516,120.2269,102.523895,81.1031,58.535736,37.213943,18.980633,4.915105,-4.697677,-10.235422,-12.502716,-12.466465,-11.031769,-8.902949,-6.541936,-4.205776,-2.0264344,-0.09234612,1.4986538,-1.2478719,-1.6048945,-1.1666336,-0.56195515,0.058699165,0.5487916,0.8052618,0.79372245,0.5526544,0.17681183,-0.21369979,-0.5084251,-0.6351636,-0.57467294,-0.35897034,-0.05579071,0.2544758,0.50176364,0.64273524,0.6669669,0.01,0.008509156,0.8143564,0.115428634,0.07462687,False
1.19,-549.39777,129.67773,118.568405,101.66681,81.07435,59.17138,38.215504,20.003883,5.6640797,-4.3988037,-10.41107,-13.040165,-13.166316,-11.675269,-9.314207,-6.62722,-3.9618928,-1.5210644,0.5718751,2.2213793,-1.4071238,-1.8040067,-1.2948459,-0.59437585,0.120731354,0.67934144,0.96255517,0.9329694,0.6387797,0.19325942,-0.26236263,-0.60027385,-0.73923105,-0.6608452,-0.40635887,-0.05734407,0.29198214,0.56175655,0.70521456,0.71506995,0.01,0.013721862,0.7888199,0.18614016,0.07462687,False
1.2,-553.2775,124.7823,115.28875,100.59836,82.237045,62.027176,41.839752,23.35532,7.871172,-3.8181486,-11.454588,-15.268646,-15.867321,-14.085203,-10.82901,-6.94277,-3.1127434,0.17968535,2.659874,4.227815,-1.0872396,-1.4020538,-1.0303484,-0.517093,0.010486221,0.428338,0.6491606,0.6439313,0.44563326,0.1351118,-0.1855305,-0.42323336,-0.51872426,-0.4589582,-0.27486238,-0.026680557,0.21721338,0.40081963,0.49418217,0.49688557,0.0125,0.015236937,0.76637506,0.2066925,0.09328359,False
1.21,-554.9662,122.59296,113.650185,99.73669,82.202515,62.68656,42.91253,24.48474,8.712661,-3.512681,-11.77721,-16.1347,-17.038445,-15.230036,-11.606668,-7.0885015,-2.50499,1.4869058,4.446974,6.1592584,-0.6491882,-0.8446607,-0.64289665,-0.36310947,-0.073206455,0.1601434,0.2893664,0.29768303,0.20151602,0.04334849,-0.122256234,-0.24495512,-0.29221192,-0.25641063,-0.15396339,-0.017501252,0.115723416,0.21520288,0.26478168,0.264568,0.0125,0.010934468,0.7495425,0.14832854,0.09328359,False
1.22,-556.414,120.73926,112.334335,99.18265,82.46524,63.64228,44.29007,25.930275,9.872486,-2.9109237,-11.863715,-16.870953,-18.230556,-16.57818,-12.7782345,-7.7974424,-2.5785806,2.0693948,5.5518637,7.532396,-0.28851318,-0.37373683,-0.28088036,-0.15628013,-0.03511111,0.050087802,0.07929719,0.05064691,-0.019890768,-0.104445346,-0.1726707,-0.20144454,-0.18171363,-0.12043173,-0.037280418,0.042443838,0.096191905,0.111006886,0.08674528,0.034935363,0.0125,0.00694295,0.7384543,0.09418269,0.09328359,False
1.23,-555.3942,122.028,113.19881,99.45157,82.10704,62.772182,43.142445,24.802637,9.054106,-3.2090037,-11.560648,-16.0378,-17.076124,-15.401974,-11.90101,-7.4854136,-2.9787965,0.9671855,3.9177322,5.6617155,0.313561,0.39100647,0.24618544,0.043247603,-0.17053045,-0.34679767,-0.44805554,-0.45644215,-0.37715977,-0.23587649,-0.07108112,0.076342076,0.17336692,0.20221955,0.16318987,0.07252705,-0.04352809,-0.15651724,-0.2430295,-0.28952038,0.01,0.010974832,0.73171645,0.14887609,0.07462687,False
1.24,-552.66254,125.490875,115.55487,100.25312,81.26597,60.57244,40.162766,21.770325,6.6678042,-4.4433546,-11.441072,-14.699684,-14.943112,-13.070007,-9.98698,-6.4785867,-3.1307096,-0.30986992,1.8111193,3.1989589,0.81368,1.0235445,0.67425424,0.19068769,-0.30773887,-0.70226294,-0.9059601,-0.88517207,-0.66549385,-0.32132584,0.047236793,0.34294593,0.4969598,0.4844166,0.32643297,0.079159774,-0.18569246,-0.40233502,-0.5278773,-0.55033773,0.01,0.014052875,0.727533,0.19063044,0.07462687,False
1.25,-551.14685,127.41977,116.89412,100.77463,80.93977,59.563026,38.773922,20.35698,5.541888,-5.0861573,-11.55512,-14.378893,-14.374754,-12.471142,-9.544338,-6.3085566,-3.266922,-0.71579075,1.2145326,2.5034552,0.8590088,1.0857445,0.7310707,0.23956642,-0.26802546,-0.6715272,-0.8828532,-0.8677628,-0.65202826,-0.31094554,0.054080185,0.34457165,0.49108693,0.4691865,0.30148068,0.046304855,-0.22249322,-0.43789995,-0.5573565,-0.570909,0.01,0.013656507,0.72436416,0.18525362,0.07462687,False
1.26,-550.88293,127.789536,117.24919,101.09273,81.186775,59.69928,38.765602,20.188538,5.2247095,-5.5121584,-12.028343,-14.829044,-14.738525,-12.705954,-9.636987,-6.2771397,-3.156691,-0.5905787,1.2835276,2.4499412,0.6297058,0.79845375,0.5449988,0.19237341,-0.17448832,-0.4704532,-0.63214517,-0.6333675,-0.48988077,-0.2526858,0.007783079,0.22165869,0.33798283,0.33634758,0.22907074,0.05407243,-0.13861303,-0.30213907,-0.40515012,-0.43777183,0.0125,0.011946839,0.7210482,0.16206159,0.09328359,False
1.27,-549.3378,129.6861,118.363754,101.15816,80.23528,58.044563,36.901413,18.636206,4.3780866,-5.496598,-11.263676,-13.645456,-13.566115,-11.932903,-9.489355,-6.7582235,-4.0628552,-1.5949605,0.51009893,2.12324,0.28239745,0.35298055,0.22562484,0.049531683,-0.13136774,-0.27321357,-0.34373513,-0.33036333,-0.2427358,-0.1090618,0.032410573,0.14426278,0.19990247,0.18988332,0.12292673,0.021657316,-0.085309245,-0.1722901,-0.22357918,-0.2365516,0.0125,0.009439711,0.7166091,0.12805182,0.09328359,False
1.28,-549.121,129.94254,118.48613,101.106766,80.027435,57.74852,36.613052,18.446423,4.3416376,-5.3801928,-11.050255,-13.427072,-13.438529,-11.960625,-9.680292,-7.0574474,-4.3686447,-1.7932093,0.50433886,2.330555,-0.17257895,-0.23282903,-0.20095621,-0.1534626,-0.097377524,-0.040202204,0.01149044,0.05293258,0.081385665,0.095871225,0.09668732,0.0850575,0.06306086,0.033768877,0.001335462,-0.029292902,-0.053174626,-0.06659127,-0.06821934,-0.05977401,0.0125,0.0053428463,0.7100237,0.072476916,0.09328359,False
1.29,-551.0239,127.57295,116.996346,100.8239,80.96616,59.616074,38.8973,20.559849,5.7791567,-4.913914,-11.577771,-14.712869,-15.072312,-13.480953,-10.701241,-7.3628817,-3.9513156,-0.83339024,1.7079844,3.453496,-0.6884298,-0.8971166,-0.6848644,-0.3837682,-0.058359146,0.2256281,0.41718102,0.49114892,0.45183057,0.32862136,0.16559215,0.008505932,-0.10684458,-0.1618882,-0.1566922,-0.10606578,-0.032360654,0.042270865,0.10176752,0.13873237,0.0125,0.006583142,0.7001846,0.08930181,0.09328359,False
1.3,-552.4692,125.76494,115.828125,100.5163,81.49896,60.74414,40.234734,21.703999,6.4345202,-4.8514986,-12.002397,-15.359436,-15.618124,-13.662983,-10.40909,-6.676408,-3.110436,-0.15079744,1.9614215,3.1512387,-1.0836498,-1.4079939,-1.062822,-0.57469594,-0.050491333,0.40094376,0.69547135,0.7926266,0.70207703,0.47656327,0.19416718,-0.06443394,-0.23699188,-0.29333815,-0.23859145,-0.10621295,0.055874184,0.2011385,0.29731324,0.3328178,0.01,0.0058445153,0.6862033,0.07928217,0.07462687,False
1.31,-551.80524,126.50232,116.01789,99.96902,80.23842,59.00637,38.40889,20.231026,5.6901655,-4.6579356,-10.886693,-13.56255,-13.547548,-11.790419,-9.151249,-6.2899485,-3.6284552,-1.377013,0.39938912,1.7040578,-1.377653,-1.7854699,-1.3346238,-0.6988032,-0.019569652,0.5592858,0.92735523,1.0329232,0.8915133,0.57623255,0.19366415,-0.14708105,-0.3630547,-0.41609982,-0.31711915,-0.11618175,0.11715948,0.3165152,0.4371805,0.46547538,0.01,0.008753825,0.66805124,0.118747614,0.07462687,False
1.32,-553.5428,124.22711,114.250084,98.92717,79.99251,59.471592,39.37536,21.420137,6.8222084,-3.8024533,-10.426533,-13.50403,-13.801255,-12.208489,-9.572742,-6.5811377,-3.7081916,-1.2231054,0.76076853,2.218684,-1.3389323,-1.7402134,-1.3148154,-0.71216977,-0.063137434,0.49821967,0.8671388,0.99168134,0.8813996,0.5996274,0.24247715,-0.088840656,-0.31433257,-0.3930748,-0.3284785,-0.16077898,0.049682837,0.24251322,0.3742699,0.427783,0.01,0.014377322,0.64732844,0.19503163,0.07462687,False
1.33,-557.40765,119.271126,110.70792,97.38446,80.59064,61.888405,42.91516,25.18871,9.941962,-1.9906204,-10.223052,-14.803427,-16.14476,-14.918216,-11.929758,-8.000942,-3.8704586,-0.12690943,2.824199,4.762304,-0.9470235,-1.2422538,-0.9716991,-0.58423996,-0.15866788,0.22297713,0.494362,0.6190083,0.5961782,0.45751086,0.2559322,0.05037546,-0.10927191,-0.19300424,-0.1948612,-0.13010006,-0.027103301,0.08292023,0.17501494,0.23582983,0.0125,0.017063325,0.6273853,0.23146787,0.09328359,False
1.34,-558.6791,117.606224,109.41138,96.60608,80.36229,62.121445,43.42831,25.758907,10.364921,-1.8460568,-10.380934,-15.176176,-16.559248,-15.165743,-11.826829,-7.444683,-2.8738174,1.1763144,4.2065854,5.9562054,-0.5719401,-0.75402796,-0.60088056,-0.380564,-0.13667984,0.084944345,0.2465917,0.3265592,0.3227282,0.2511698,0.14047633,0.023595175,-0.070525534,-0.12329033,-0.12936433,-0.09575713,-0.037825715,0.026299438,0.08101383,0.11682368,0.0125,0.011366714,0.6120126,0.15419205,0.09328359,False
1.35,-559.3738,116.69165,108.689186,96.168625,80.254974,62.33613,43.90621,26.402225,11.054998,-1.22762,-9.93203,-14.958416,-16.58939,-15.415554,-12.231068,-7.9153104,-3.317573,0.8404615,4.0331774,5.9648676,3.3663635,2.3931234,-1.3131076,-2.283873,-1.5932682,-1.1788539,-0.73082393,-0.114059575,0.22667377,0.42061982,0.54046506,0.44994774,0.2978039,0.16458265,0.0012093226,-0.10770526,-0.15458421,-0.19620462,-0.19405921,-0.16667627,0.0125,0.006873955,0.60332984,0.09324676,0.09328359,False
1.36,-558.437,117.88747,109.530136,96.51692,80.09405,61.772614,43.140095,25.672985,10.5776005,-1.3200525,-9.624045,-14.356932,-15.895844,-14.872467,-12.0566025,-8.242925,-4.1565175,-0.38698143,2.645708,4.696727,19.448452,3.6884222,-4.7618976,-5.3820186,-4.756013,-3.7581887,-2.6799395,-1.3548037,-0.30833906,0.53023016,1.1153944,1.3432301,1.3144345,1.1379601,0.8128308,0.46024805,0.13046558,-0.16496664,-0.3670086,-0.46800512,0.01,0.013156794,0.6005483,0.17847489,0.07462687,False
1.37,-555.68506,121.40781,112.01838,97.5403,79.53911,59.862034,40.37181,22.69794,8.046425,-2.9040928,-10.011283,-13.593145,-14.292682,-12.917023,-10.285093,-7.1109276,-3.9373386,-1.1210409,1.1416452,2.7670422,16.080038,2.5428572,-7.5356665,-9.08765,-7.89056,-6.50437,-4.9288836,-2.858204,-1.1524673,0.26281145,1.3922907,1.9594285,2.10247,1.9797084,1.5363606,0.9514726,0.35548234,-0.21615604,-0.61710525,-0.7996356,0.01,0.015600368,0.6006563,0.21162254,0.07462687,False
1.38,-555.19977,122.090096,112.67921,98.13846,80.00639,60.114117,40.331287,22.322397,7.3522935,-3.831284,-11.025808,-14.517364,-14.958705,-13.2110615,-10.181914,-6.687545,-3.3602176,-0.60818964,1.3752224,2.5666933,4.8353024,-6.437206,-12.600442,-12.752141,-10.818872,-8.621713,-6.2780023,-3.6815982,-1.4918823,0.27854034,1.6072482,2.3102376,2.5036778,2.3401265,1.8373712,1.1705254,0.48228994,-0.15911436,-0.6253784,-0.86710453,0.01,0.014229873,0.6003147,0.19303145,0.07462687,False
1.39,-500.98886,162.86328,96.814514,66.246826,56.921806,41.942062,28.073313,19.110302,9.587307,1.99822,-2.6253667,-6.863285,-9.304293,-9.643665,-9.441119,-8.071169,-5.854084,-3.8933794,-1.7408432,0.25540736,-5.0749583,-13.568159,-15.92813,-14.858421,-12.423037,-9.688162,-6.869106,-4.0376644,-1.6303515,0.27313918,1.6386646,2.3832607,2.6012661,2.4312804,1.94813,1.3025843,0.62764335,0.0044141463,-0.47138265,-0.75571,0.0125,0.009075031,0.5972872,0.12310485,0.09328359,False
1.4,-306.79193,143.43835,50.775455,40.441006,26.760853,19.680706,12.739764,8.301213,4.721571,2.571101,0.94836986,0.018592283,-0.58953637,-0.6969745,-0.55571055,-0.2044119,0.1346525,0.5098751,0.8179858,1.0729921,-13.623874,-18.815222,-17.492477,-15.391055,-12.696772,-9.701364,-6.696579,-3.9108055,-1.5385655,0.2885068,1.5344743,2.221494,2.4203548,2.2488544,1.8280884,1.2713461,0.6881202,0.15956016,-0.2617278,-0.5443235,0.0075,0.10525427,0.45603925,1.0,0.05597015,True
1.41,-535.1242,113.90341,46.799927,17.74902,14.121807,6.7650604,0.6169701,-0.107468285,-1.572361,-2.3464289,-1.1385604,-0.81553185,-0.4618297,0.6245395,0.7986654,0.53002715,0.27460456,-0.4471981,-0.68629867,-0.1825812,-6.379945,-21.658094,-17.130629,-13.82577,-10.19034,-9.227278,-7.5428805,-3.2632751,-0.487963,0.9323795,1.4925814,2.2321322,0.8271105,2.4991372,1.6507331,0.78432363,1.2406431,-0.023386585,-0.76362073,0.35284048,0.0025,0.0408386,0.012291213,0.5539848,0.018656718,False
1.42,-643.8333,0.0,0.0,0.0,0.0,0.0,0.0,0.0,0.0,0.0,0.0,0.0,0.0,0.0,0.0,0.0,0.0,0.0,0.0,0.0,19.725521,-22.905313,-14.3849535,-10.9858265,-7.7510705,-6.976974,-5.9243507,-2.0973287,0.88091004,1.832528,1.3296992,1.849369,0.79050046,1.6501017,0.1999007,-0.94519675,-0.17920355,-0.6817178,-1.0239493,0.41833696,0.0,0.0,0.0,0.0,0.0,False
1.43,-643.8333,0.0,0.0,0.0,0.0,0.0,0.0,0.0,0.0,0.0,0.0,0.0,0.0,0.0,0.0,0.0,0.0,0.0,0.0,0.0,39.79701,-20.414104,-8.460719,-5.9970884,-3.8719947,-4.0317917,-3.0586858,-1.1444087,0.49679366,0.23562685,0.15378088,0.77261734,-0.3524403,0.53207695,-0.14246596,-1.3462065,-0.7418835,-0.6390878,-0.27978352,0.88652444,0.0,0.0,0.0,0.0,0.0,False
1.44,-643.8333,0.0,0.0,0.0,0.0,0.0,0.0,0.0,0.0,0.0,0.0,0.0,0.0,0.0,0.0,0.0,0.0,0.0,0.0,0.0,53.437042,-12.091407,-1.7263303,-1.2164379,0.18136385,-0.77884364,-1.379269,-1.2694423,-0.03098305,-0.62786865,-1.0067784,-0.41885102,-0.80206835,-0.55722743,-1.0897563,-1.4404514,-1.6093929,-1.5351782,-0.9925357,0.48348865,0.0,0.0,0.0,0.0,0.0,False
1.45,-429.2265,5.3951874,0.6694633,6.991249,21.839926,-7.5703335,-25.30133,2.1210666,12.215246,9.850021,3.0324912,5.573821,-17.904583,9.665661,1.9799802,-4.4484196,9.258766,-3.7472029,-9.947174,10.380621,74.344986,-1.820195,3.4768908,2.5431745,1.7857939,0.8885076,0.20926932,-1.1142367,-2.0420175,-2.125044,-1.3854533,-0.29708734,-0.44434693,-0.6355628,-0.8863214,-1.8620282,-2.1896694,-1.6869808,-1.3004708,-0.9725599,0.045,0.06742285,0.012742022,0.9146063,0.33582094,False
1.46,-117.44075,-3.193512,6.1013985,2.4504952,6.9626226,4.1254187,-1.978867,7.7281327,20.562685,18.466728,4.865831,3.7007565,2.9387937,-3.1338842,-15.827417,-23.552258,-17.246931,-10.800451,-7.5918508,1.7386881,72.32418,8.724485,8.923582,5.333397,2.8368592,0.97694826,0.6707475,-1.1265104,-3.1784596,-3.4426494,-2.0055823,-1.0925494,-0.7050633,-0.41881528,-0.496396,-1.7614499,-2.3078206,-1.6703522,-1.116814,-1.825306,0.225,0.026994918,0.32781062,0.36619216,1.0,False
1.47,-98.995964,20.879725,26.474495,10.162266,9.831498,0.2993478,6.1911483,1.2597146,-1.7354275,-12.487323,-5.342275,-1.2303246,-8.515768,-4.355389,-0.71498597,-8.26416,-8.43823,-3.3469489,5.0002193,7.772401,52.685356,11.183988,11.002503,7.6106777,3.3032615,1.0151644,0.47747958,-2.5750127,-4.749995,-3.3801515,-2.0917568,-1.916952,-0.42840192,-0.09451374,-0.12272239,-1.2557542,-2.2626371,-2.1834748,-1.3955944,-1.9249277,0.2725,0.044099875,0.42657217,0.59822476,1.0,False
1.48,-149.18045,32.08298,36.90651,24.911442,23.75775,12.67721,-4.8151383,-16.160141,-8.956029,-10.937128,-14.191557,-9.196912,-3.573359,-6.169913,-8.348102,-2.3273082,-11.162842,-14.005958,-12.052219,-1.1054139,24.328604,13.066832,12.655582,8.903225,4.104785,1.3775896,-0.34524712,-3.753187,-5.882177,-3.5988214,-1.7598766,-2.009531,0.32296965,-0.59894896,-0.2060222,-0.08576668,-1.7403144,-1.8960718,-1.3197118,-2.5485518,0.14,0.08619469,0.5435722,1.0,1.0,True
1.49,-194.95586,52.896767,56.51081,31.519299,16.433998,9.403739,4.766506,-7.262803,-29.75856,-24.392265,-9.822014,1.315815,-0.92382884,-1.3203018,-1.920732,-15.63477,-15.667457,-10.873856,-11.756344,-18.262793,-12.8039665,15.049348,13.447052,9.89412,4.311865,0.7647559,-0.63087845,-4.3021913,-6.687073,-3.7215714,-1.7141494,-1.9182703,1.2102653,-0.5049568,0.13534945,0.32904714,-0.9067649,-1.3725495,-1.2246257,-2.8620985,0.04,0.08331709,0.691359,1.0,0.29850748,False
1.5,-225.51273,71.282074,66.56612,43.113007,21.35062,-0.7046056,1.0207827,-3.1551452,-17.39229,-22.29264,-13.527756,-11.075611,-10.443602,1.2982159,-1.1575989,-12.578082,-12.861047,-9.996977,-5.645692,-12.477735,-39.21238,16.556889,13.3977585,10.344853,4.8168216,0.5539977,-2.5934896,-4.9993696,-6.163357,-2.7902944,-1.1374004,-0.3510672,0.8426111,0.13527301,0.35803777,0.79660636,1.0961243,-0.73565495,-1.9556692,-3.082124,0.0275,0.053852994,0.8017979,0.73052806,0.2052239,False
1.51,-276.49384,81.72835,79.49101,63.94615,32.04014,5.1309357,-7.928244,-25.59483,-29.839132,-9.510685,-10.038938,-15.094152,-5.4556665,3.8606205,-0.8921095,-9.115813,-13.351684,-20.889687,-14.67997,-4.4828825,-43.0738,16.353037,12.929204,9.230206,4.197478,0.5443287,-2.8896866,-3.9181113,-4.689025,-1.5469316,0.044030618,1.1201572,1.5373356,0.13211863,-0.19377254,-0.027750162,0.38162753,-0.99314034,-2.2155254,-2.9895415,0.02,0.043272115,0.8743847,0.586996,0.14925374,False
1.52,-315.4278,93.510544,92.97614,65.16168,45.07699,11.276806,-19.352186,-27.938614,-30.708595,-16.105871,-6.27785,-7.890335,0.3010704,-7.605276,-7.9697385,-1.4303901,-9.532513,-14.104224,-13.03002,-13.463638,-42.093586,16.727211,12.032921,8.406775,3.4550893,-0.32867363,-2.9562624,-3.7386181,-2.944049,-1.102256,0.18611734,1.3005773,1.5288007,0.3990024,0.36150742,-0.26152474,0.32836592,-0.40952545,-1.3246763,-2.3209321,0.02,0.021325247,0.92667514,0.28928182,0.14925374,False
1.53,-364.9637,118.383286,103.29602,76.92732,47.42959,-0.53287566,-16.133802,-25.48572,-33.47647,-18.693542,-12.139607,-7.1053267,2.4151988,-0.5301838,-3.592101,-13.115593,-7.247243,-14.088493,-15.999471,-12.178389,-40.35898,16.346313,10.9874115,7.360617,3.0213048,-0.5066374,-3.6127677,-3.9451663,-1.2289939,-0.35743344,0.029766273,1.2579827,1.5567214,0.19069114,-0.07803862,0.27277473,0.01594553,-0.6495209,-1.4217383,-1.3370192,0.02,0.018583644,0.9641461,0.25209135,0.14925374,False
1.54,-402.6425,134.11047,115.67176,79.317665,36.455223,14.827954,-13.695288,-36.731094,-37.185455,-19.869047,-10.999798,6.2902036,6.5754795,-4.551242,-8.745352,-10.042786,-3.092414,-11.226027,-19.957314,-26.795944,-37.054607,15.022116,9.926592,5.960172,1.9275533,-0.40909538,-3.0157406,-3.343384,-1.3703129,-0.90120447,0.13091148,2.014693,1.8668145,0.46312472,0.09883443,-0.19632524,-0.7341071,-0.7264403,-1.493322,-1.5150441,0.02,0.010367094,0.98646134,0.14063197,0.14925374,False
1.55,-447.5237,151.35428,131.3435,79.5945,41.84117,8.824174,-14.950644,-26.776415,-45.710697,-33.388412,-7.729315,7.370949,2.576955,-1.756799,-0.7849169,-6.940316,-13.808878,-17.694872,-18.336195,-20.598549,-31.09906,13.1689825,8.249911,4.364079,0.7096639,-1.0895199,-2.2920048,-1.8856026,-0.40002528,-1.2994851,-0.03078556,1.740727,1.221476,0.84831583,0.2956289,-0.55786866,-1.2283212,-0.6068439,-0.89224243,-1.1698891,0.02,0.007941642,0.9985686,0.10773017,0.14925374,False
1.56,-480.47598,168.57008,130.77173,93.609055,45.129047,1.831452,-24.961786,-40.843506,-30.346743,-19.639938,-13.708133,-4.9097176,6.255808,4.164926,0.6915225,-13.038723,-14.041714,-16.11885,-19.50179,-25.084599,-24.487139,10.587591,6.3759723,3.476416,-0.21483701,-1.4354565,-1.7710031,-1.4498992,0.16576122,-0.35632133,0.10259226,0.8042093,0.49118632,1.1928654,0.44347534,-0.6195478,-1.5581951,-1.0840656,-0.7337854,-0.10010306,0.02,0.0062780627,1.0,0.08516334,0.14925374,False
1.57,-501.7995,180.16252,141.56763,92.69335,41.174675,-2.832271,-27.841108,-35.385117,-28.922632,-18.863636,-9.214561,0.7834501,4.317523,1.4352338,-4.3378453,-10.1323185,-15.924201,-18.34222,-19.13041,-17.472023,-17.47326,7.1540346,4.562287,2.4032488,0.07347075,-0.9679635,-1.8815541,-1.240194,0.38071197,-0.044052027,0.425042,0.3148288,0.32740933,0.8696071,0.20743254,0.00397803,-1.6029156,-1.1275235,-0.421937,0.42799613,0.0225,0.0062632645,1.0,0.0849626,0.16791047,False
1.58,-509.1885,177.01566,142.99786,96.06471,44.784092,1.5147833,-26.771667,-39.188072,-35.75673,-23.355244,-9.5697975,2.127203,7.2109165,4.4856796,-2.123207,-10.500235,-18.048256,-20.895273,-20.887627,-17.54602,-11.366615,4.3740277,2.753953,1.794435,0.5559115,-1.3284179,-1.6045251,-0.6637467,0.4197889,0.1379401,0.2586444,-0.32595482,0.18395849,0.89131206,0.21159874,-0.20829906,-1.3274804,-1.0524874,-0.23276478,1.1097878,0.02,0.0049867188,0.9989439,0.06764597,0.14925374,False
1.59,-509.78293,177.12973,142.81259,94.7742,43.86377,0.5084783,-28.07343,-39.463974,-36.04001,-23.538162,-8.8172,2.35919,6.8128443,4.3553905,-2.8289208,-11.424112,-18.31389,-21.548988,-20.718813,-16.750452,-5.7773004,2.142792,1.3447446,0.91677666,-0.08042863,-0.6261561,-0.93754095,-0.59092486,0.5203566,0.60987574,0.28669283,-0.0546907,0.11863367,0.2714402,-0.3624696,-0.18123837,-0.38617232,-0.43796003,-0.16534796,0.6859337,0.02,0.0029223885,0.99195296,0.039642863,0.14925374,False
1.6,-507.2785,179.60992,142.75922,92.27453,40.530987,-1.4653597,-27.201708,-35.822746,-31.210903,-19.705322,-7.5744605,0.8027916,3.6177704,1.3070543,-4.312834,-10.965492,-16.598701,-19.773376,-19.833584,-16.94273,-2.4136434,0.35842973,0.78754246,0.08859494,0.038217798,0.17104478,-0.03305165,0.15554383,-0.51056033,-0.38782918,0.333285,0.42723024,-0.006890011,0.08494465,-0.11554361,0.19418958,-0.19708127,-0.38789895,-0.114431955,0.5543761,0.02,0.0034764127,0.9832204,0.047158327,0.14925374,False
1.61,-510.27786,176.5701,142.62366,95.05464,44.549767,1.4046724,-27.213436,-38.83997,-35.729553,-23.473415,-8.823622,2.4793139,7.1878986,4.983917,-2.079317,-10.756617,-17.90712,-21.46967,-20.883554,-16.95705,-0.78368074,-0.4564804,-0.043480173,0.14126574,0.36480433,0.49472475,0.23103148,-0.078161746,-0.4372347,-0.41825092,-0.11979017,-0.061306246,0.059819702,0.23724355,0.23674324,0.098152906,0.03273042,-0.13389346,-0.10004072,-0.00039860408,0.0225,0.0042333393,0.972384,0.057426207,0.16791047,False
1.62,-510.679,176.0473,142.21596,94.78613,44.389206,1.2795298,-27.38803,-39.130295,-36.163055,-24.03487,-9.465578,1.8194177,6.5718374,4.4617987,-2.4756236,-11.018713,-18.055023,-21.553284,-20.975267,-17.131578,-0.27795613,-0.28636473,-0.18738404,-0.095673494,0.09720548,0.21405691,0.23192829,0.23740196,0.09194218,-0.07742338,-0.1544603,-0.23369327,-0.20301893,-0.022185136,0.12510948,0.2394029,0.30045468,0.17576176,0.06321888,-0.05646334,0.02,0.0027502514,0.96097195,0.037307784,0.14925374,False
1.63,-507.7693,179.03589,142.46315,92.23024,40.565353,-1.5276622,-27.400402,-36.0391,-31.27611,-19.551668,-7.3051424,0.98690784,3.5825367,1.1124644,-4.428459,-10.745436,-15.96241,-18.905197,-19.098244,-16.682617,-0.42369333,-0.48276165,-0.18231888,0.17787565,0.45382786,0.5439114,0.42854849,0.1713089,-0.1152167,-0.3197727,-0.3755333,-0.27931848,-0.08341978,0.13182834,0.29089713,0.34855053,0.30042067,0.17752205,0.029043356,-0.09862051,0.02,0.0049502966,0.94901824,0.0671519,0.14925374,False
1.64,-511.33432,175.41559,142.35141,95.85449,46.18525,3.3122451,-25.694908,-38.20475,-36.11449,-24.617725,-10.191426,1.4700044,6.9294734,5.5359817,-0.98486394,-9.573676,-17.067585,-21.205927,-21.157387,-17.516582,-0.502978,-0.5730555,-0.21791534,0.20342103,0.51925236,0.613276,0.47051936,0.17377172,-0.14243148,-0.35375538,-0.39395174,-0.2704891,-0.047978807,0.18646367,0.35781726,0.42475542,0.38427,0.26272732,0.100289725,-0.06412621,0.0225,0.0057205837,0.93602973,0.077601016,0.16791047,False
1.65,-512.10205,174.45294,141.7108,95.61408,46.280525,3.5723517,-25.473139,-38.180584,-36.356743,-25.101398,-10.828442,0.7887399,6.302538,5.0389376,-1.2999874,-9.680977,-16.980408,-20.99455,-20.953564,-17.486786,-0.52610934,-0.6158081,-0.27943802,0.13949546,0.48789865,0.6447976,0.56642497,0.29914722,-0.04356823,-0.3289761,-0.45700762,-0.3952784,-0.18454117,0.0848565,0.31295708,0.42845327,0.40977082,0.28293446,0.10136137,-0.07969999,0.02,0.0053964998,0.9232525,0.07320474,0.14925374,False
1.66,-510.21774,176.2085,141.25748,92.91582,42.59858,0.7720131,-25.94962,-36.0988,-32.801613,-21.868402,-9.449408,-0.16086337,3.7938514,2.4936419,-2.4699643,-8.915246,-14.793283,-18.599518,-19.547707,-17.622402,-0.6929413,-0.7974701,-0.32760593,0.23219655,0.6539001,0.7791267,0.58365434,0.17826335,-0.25038952,-0.5271342,-0.5614419,-0.37448975,-0.073334545,0.20886149,0.37385046,0.3918772,0.29676822,0.15246293,0.013948663,-0.09516779,0.02,0.0051293913,0.910237,0.06958135,0.14925374,False
1.67,-512.858,173.65588,141.62668,96.41456,47.806103,5.3971014,-23.877697,-37.24838,-36.273773,-25.752737,-11.860117,-0.17520584,5.782758,5.146819,-0.6099707,-8.632618,-15.87186,-20.09095,-20.417036,-17.358887,-0.59243774,-0.7048581,-0.35954946,0.06102613,0.39636242,0.5305628,0.43737856,0.18348013,-0.10833092,-0.31596833,-0.367771,-0.26412174,-0.065457866,0.14279331,0.28885704,0.33895415,0.29939464,0.20074978,0.07658348,-0.050335787,0.02,0.0053578415,0.8968882,0.07268033,0.14925374,False
1.68,-512.0355,174.2649,140.90555,94.3951,45.34404,3.7182133,-23.846743,-35.39024,-33.349773,-22.997963,-10.333626,-0.22397242,4.6609364,3.984293,-0.8325323,-7.505008,-13.737467,-17.82105,-18.929077,-17.156792,-0.42275035,-0.52314603,-0.3245458,-0.06898855,0.16044044,0.29509005,0.30460006,0.20500812,0.048771825,-0.098173045,-0.18224448,-0.18041693,-0.10437289,0.009296966,0.11683495,0.18440309,0.19756855,0.160951,0.0908789,0.0067020417,0.02,0.0042953785,0.8838951,0.05826778,0.14925374,False
1.69,-514.8869,171.16156,140.10661,96.082855,48.428413,6.4203005,-23.070702,-37.07965,-36.822426,-26.772533,-12.935718,-0.9285458,5.5367517,5.3583016,-0.15524876,-8.186112,-15.612576,-20.083553,-20.6408,-17.76905,-0.505396,-0.61065346,-0.3430977,-0.024868138,0.21647593,0.29716697,0.21234462,0.031643804,-0.14041615,-0.21752276,-0.17100757,-0.03717885,0.108223654,0.19249655,0.18214864,0.094958566,-0.01563344,-0.09255845,-0.10487893,-0.059851393,0.02,0.0028514327,0.8707744,0.03868033,0.14925374,False
1.7,-515.1953,170.76561,139.81323,95.909195,48.339622,6.346287,-23.203432,-37.31624,-37.162262,-27.17328,-13.335257,-1.2733634,5.2703714,5.159217,-0.32144457,-8.356471,-15.808072,-20.30091,-20.857407,-17.95614,-0.33844247,-0.4392166,-0.33659032,-0.20977974,-0.101870604,-0.03968614,-0.02321116,-0.029891841,-0.030610435,-0.007866637,0.03409718,0.07255472,0.08053202,0.043621086,-0.030113067,-0.11244901,-0.16798311,-0.17069247,-0.11562754,-0.020566685,0.02,0.0015798914,0.85769737,0.021431586,0.14925374,False
1.71,-511.91324,174.08209,139.86362,92.5004,43.1347,1.994724,-24.435268,-34.68089,-31.745363,-21.256569,-9.189142,-0.042972177,4.011117,3.004593,-1.5748955,-7.674019,-13.363996,-17.222828,-18.485516,-17.083256,-0.18483582,-0.28454667,-0.3398135,-0.39164606,-0.40042046,-0.3417896,-0.21879667,-0.061269887,0.08666706,0.18454443,0.21048269,0.16683033,0.075439185,-0.033431,-0.13213588,-0.20159185,-0.2311339,-0.21534275,-0.15243505,-0.04695848,0.02,0.0041543753,0.8449829,0.05635504,0.14925374,False
1.72,-514.82117,171.19156,139.97075,95.741165,47.925125,5.87888,-23.479153,-37.187862,-36.52396,-26.066555,-11.942743,0.13211961,6.4056873,5.8155365,-0.21409893,-8.703862,-16.373793,-20.771606,-20.934448,-17.44929,-0.15177765,-0.24263763,-0.31356126,-0.39306438,-0.4381371,-0.41367525,-0.30718178,-0.13599555,0.056398615,0.21444155,0.29017904,0.2609408,0.13789552,-0.038060118,-0.21111847,-0.3296375,-0.36165288,-0.30151623,-0.16715448,0.008206749,0.02,0.0062653488,0.8320933,0.084990874,0.14925374,False
1.73,-515.91284,169.71756,138.68399,94.70061,47.11956,5.2438765,-24.022861,-37.691376,-36.982307,-26.41988,-12.108633,0.2075508,6.7004776,6.212347,0.09503347,-8.68157,-16.765808,-21.567957,-21.97037,-18.45237,0.016463216,-0.076538086,-0.3256157,-0.596885,-0.74700946,-0.68429846,-0.4117626,-0.02551562,0.3296004,0.52494824,0.50256807,0.2945464,0.00091309944,-0.2601597,-0.40379155,-0.4070655,-0.30431515,-0.15658168,-0.015400823,0.09818748,0.02,0.0048705926,0.8195503,0.06607069,0.14925374,False
1.74,-512.3538,173.38052,138.94379,91.27717,41.618313,0.3177005,-26.031567,-35.91581,-32.41154,-21.33074,-8.883648,0.2409506,3.8225753,2.0216177,-3.4047184,-10.0938635,-15.886551,-19.292053,-19.653255,-17.13599,-0.13477427,-0.24037425,-0.36512044,-0.5015978,-0.57481176,-0.5305011,-0.3596484,-0.10457223,0.1563454,0.33920205,0.387629,0.2942805,0.10181,-0.11645548,-0.2867264,-0.36187968,-0.3338835,-0.2279596,-0.08437621,0.06047255,0.02,0.005046925,0.8072854,0.06846268,0.14925374,False
1.75,-514.97235,170.66647,138.67273,93.61145,45.352142,3.5257056,-24.976019,-37.49948,-35.757076,-24.687996,-10.552031,1.0591378,6.677425,5.526258,-0.8148469,-9.380278,-17.009008,-21.357964,-21.476383,-17.863918,-0.2444631,-0.35644963,-0.3835406,-0.4120683,-0.4194006,-0.3814436,-0.2833472,-0.1308764,0.044288445,0.19109322,0.25770006,0.21494454,0.073009215,-0.11860405,-0.28971264,-0.37861234,-0.35748422,-0.24140206,-0.07716246,0.080770746,0.0225,0.005603788,0.7947449,0.07601665,0.16791047,False
1.76,-514.66895,170.78032,138.00717,92.11865,43.443626,1.8860359,-25.714516,-37.062893,-34.36893,-22.975185,-9.264637,1.3795888,5.925422,4.054285,-2.3804562,-10.433363,-17.225243,-20.806133,-20.54057,-17.030336,-0.12822673,-0.24595872,-0.40306625,-0.5606695,-0.61742115,-0.5137134,-0.26312786,0.05113004,0.3131035,0.4264939,0.35753173,0.14820932,-0.10552187,-0.2989887,-0.36497772,-0.29889458,-0.15234861,-0.00088860194,0.09572722,0.11970708,0.02,0.0046227938,0.78285563,0.06270924,0.14925374,False
1.77,-514.122,171.16302,137.42911,90.53296,41.36325,0.12581599,-26.455349,-36.56111,-32.995667,-21.515121,-8.533491,0.9216732,4.371784,1.9722522,-4.2502327,-11.533796,-17.413729,-20.355682,-19.934305,-16.678585,-0.2815684,-0.38507614,-0.3479993,-0.29247883,-0.22453842,-0.1487413,-0.06880178,0.0096539175,0.07662048,0.11842149,0.122655615,0.085362434,0.016180519,-0.062449522,-0.122949965,-0.14398988,-0.11977434,-0.062153053,0.005758985,0.060927868,0.02,0.003090815,0.7710124,0.041927606,0.14925374,False
1.78,-515.8716,169.31769,137.14691,91.94435,43.728638,2.216416,-25.727127,-37.585114,-35.263176,-23.869991,-9.740764,1.5807285,6.772917,5.238788,-1.3051887,-9.850406,-17.2925,-21.4059,-21.356894,-17.709145,-0.4013326,-0.50192946,-0.3320399,-0.12574285,0.040792402,0.11805251,0.102836765,0.033621214,-0.03419698,-0.058673985,-0.03090822,0.025436286,0.07227388,0.081046045,0.048481215,-0.00391078,-0.04468883,-0.05169754,-0.024071027,0.019342009,0.02,0.003704409,0.75897795,0.05025115,0.14925374,False
1.79,-515.109,170.06807,137.08998,91.040436,42.412884,1.1868645,-25.862514,-36.62446,-33.530598,-22.078861,-8.66745,1.4530185,5.469468,3.269974,-3.1857004,-10.982308,-17.378595,-20.595757,-20.122322,-16.590109,-0.40057373,-0.5013807,-0.32950923,-0.11155904,0.07920195,0.18582475,0.1884003,0.10826435,-0.0050690332,-0.09734958,-0.1324109,-0.104512155,-0.03593362,0.0373656,0.083993725,0.090326995,0.06315896,0.02209708,-0.012902323,-0.031652354,0.02,0.003197497,0.74766517,0.04337477,0.14925374,False
1.8,-515.80115,169.14658,136.3296,90.51228,42.135876,1.1165528,-25.828718,-36.62104,-33.680725,-22.448503,-9.236732,0.7856357,4.847356,2.817402,-3.4191327,-11.045076,-17.395277,-20.707733,-20.418276,-17.060135,-0.54562277,-0.63675433,-0.29024965,0.12036438,0.42538053,0.5087508,0.35690555,0.05878245,-0.24081382,-0.4102888,-0.38907805,-0.20787431,0.035311494,0.22801176,0.29697365,0.23651241,0.100379184,-0.034567866,-0.11095015,-0.116578706,0.02,0.002425723,0.73626083,0.03290548,0.14925374,False
1.81,-517.1819,167.78174,136.43108,92.21617,44.76169,3.5004432,-24.760624,-37.3246,-35.77079,-24.8861,-10.827245,0.8322482,6.5667048,5.5107822,-0.8217954,-9.472733,-17.22927,-21.669655,-21.783169,-18.062546,-0.4950592,-0.5806814,-0.26986313,0.11021729,0.41443,0.534925,0.44368678,0.19951102,-0.08215345,-0.28149664,-0.32459956,-0.20973878,-3.3354758e-05,0.21121284,0.34402835,0.36321065,0.2845751,0.15661798,0.03045985,-0.064369835,0.02,0.004430757,0.7248127,0.06010422,0.14925374,False
1.82,-515.9038,169.10574,136.568,91.1138,43.064507,2.2269144,-24.741669,-35.74774,-33.12458,-22.184677,-9.121324,0.9568023,5.254336,3.5429263,-2.4190836,-9.915199,-16.315453,-19.82293,-19.798374,-16.70411,-0.5270681,-0.6133652,-0.26904908,0.15406558,0.49620152,0.63634145,0.5388593,0.2626165,-0.06945317,-0.32491225,-0.415545,-0.32738432,-0.11656186,0.123297386,0.30418867,0.3768158,0.34053633,0.23014349,0.090877816,-0.04269317,0.02,0.0058297417,0.71398866,0.07908177,0.14925374,False
1.83,-518.5425,166.13512,135.51282,92.208115,45.523483,4.64507,-23.701614,-36.721153,-35.774426,-25.411003,-11.62481,0.052031055,6.0256653,5.3063426,-0.7117031,-9.14586,-16.810501,-21.281466,-21.536787,-18.053646,-0.70107424,-0.80845284,-0.33519262,0.23426348,0.6722051,0.8144789,0.6267358,0.21144651,-0.24446386,-0.55458665,-0.61064166,-0.41897905,-0.08379532,0.24953355,0.46056125,0.4981096,0.38598454,0.19435927,-0.00258468,-0.15839879,0.02,0.005026903,0.7030129,0.068191074,0.14925374,False
1.84,-519.0036,165.67749,135.54483,92.78909,46.449024,5.5442133,-23.194435,-36.804775,-36.40632,-26.348454,-12.55209,-0.6191386,5.699665,5.2616224,-0.6137774,-9.021626,-16.69783,-21.153324,-21.367008,-17.88213,-0.55950725,-0.6714119,-0.3547071,0.046474077,0.39255962,0.56873363,0.5264886,0.2988804,-0.01573766,-0.29409936,-0.4356814,-0.3984143,-0.2091052,0.0535218,0.29362914,0.434777,0.44315645,0.33055273,0.14024605,-0.07364979,0.02,0.0049337596,0.6922041,0.06692757,0.14925374,False
1.85,-517.4565,167.15964,135.3117,90.81844,43.751953,3.647149,-23.051779,-34.323677,-32.387733,-22.27861,-9.844162,0.083194,4.796379,3.9237537,-1.095377,-7.9079146,-14.145107,-18.07419,-18.917564,-16.871632,8.470036,-0.7531993,-4.602267,-2.6141071,-0.9058275,0.7401591,1.5694193,1.6617335,1.091741,0.24994707,-0.53548664,-0.9611711,-0.9337629,-0.5083053,0.10161363,0.65653944,0.95522124,0.92331964,0.5988903,0.12061227,0.02,0.0055977814,0.68178535,0.07593517,0.14925374,False
1.86,-520.0756,164.44473,135.06683,93.28544,47.820335,7.416337,-21.334183,-35.430447,-35.798416,-26.512663,-13.234334,-1.4052265,5.238411,5.4269137,0.25969803,-7.5974073,-15.062986,-19.719173,-20.484524,-17.729628,28.299395,-3.6973941,-10.194039,-6.360093,-2.8908315,0.5717491,2.6492696,3.398252,2.8593094,1.6408625,0.28034565,-0.6743908,-0.98774636,-0.64492804,0.099653475,0.91907907,1.498126,1.6781213,1.4426987,0.9253077,0.02,0.005091216,0.67126906,0.0690635,0.14925374,False
1.87,-521.507,162.63577,133.82465,92.75456,47.891354,7.776532,-21.07361,-35.58191,-36.48038,-27.612343,-14.462723,-2.4200082,4.6930776,5.4196835,0.64905936,-7.102218,-14.784533,-19.88692,-21.15205,-18.764923,25.54042,-7.9917727,-16.097471,-10.798066,-5.8061934,-0.6812568,2.7193253,4.3433037,4.121963,2.7638092,0.96148604,-0.503775,-1.2051175,-0.9974577,-0.1225369,1.0194566,1.979945,2.4728763,2.3924303,1.8541213,0.02,0.0020698898,0.6610414,0.028078524,0.14925374,False
1.88,-519.1355,165.00925,133.76468,90.0672,43.74199,4.095259,-22.56285,-34.20287,-32.894352,-23.434418,-11.434001,-1.5781629,3.4312823,3.0922065,-1.3613089,-7.7696896,-13.874065,-17.94019,-19.099655,-17.420843,8.402906,-16.738005,-20.077644,-13.632174,-7.162369,-0.9832925,3.2240193,5.242475,5.1143084,3.602318,1.5470103,-0.1831271,-1.0752131,-0.960614,-0.069923684,1.1714004,2.2828765,2.928533,2.9652367,2.4785128,0.02,0.0018805522,0.65102875,0.025510116,0.14925374,False
1.89,-385.9573,161.61398,70.46314,53.392204,29.1394,11.1678095,-4.632513,-14.470455,-19.366344,-19.057867,-15.535519,-10.251553,-5.2908416,-1.8737512,-0.98967195,-2.6116488,-6.1536884,-10.287725,-13.736843,-15.398298,-6.684854,-22.753454,-21.796602,-14.881063,-7.682691,-1.1329818,3.3759513,5.5226593,5.4577556,3.9391892,1.8615144,0.08245718,-0.8720478,-0.83905804,-0.021011712,1.181266,2.3150222,3.040177,3.193245,2.8163033,0.02,0.0075483466,0.64072275,0.10239503,0.14925374,False
1.9,-189.7732,118.50077,33.706505,25.701252,12.308765,5.6032276,-0.11478655,-2.4483817,-3.2738218,-2.4601772,-1.3875117,-0.32605922,0.08553704,-0.03519869,-0.7781482,-1.8570645,-3.0881982,-4.049799,-4.582906,-4.573325,-19.563192,-25.8841,-21.275908,-14.747689,-7.6536193,-1.3483562,3.1531973,5.3961883,5.529313,4.176073,2.1924777,0.39625022,-0.6491618,-0.7412974,-0.02246266,1.1335803,2.2815979,3.0558603,3.2692568,2.9402661,0.01,0.06258365,0.45291373,0.84896135,0.07462687,True
1.91,-448.3436,84.272766,3.1793246,0.07067707,-7.6383624,-8.548103,-9.123936,-7.572402,-6.031064,-4.250005,-3.180358,-2.5137963,-2.3451078,-2.2004771,-2.0740793,-1.8324938,-1.611491,-1.3539438,-1.1749877,-1.037292,-30.553513,-26.454992,-18.520424,-12.895092,-6.556316,-1.1888459,2.6893802,4.605426,4.7768517,3.688809,2.0768573,0.5873948,-0.3095002,-0.45287755,0.07075302,0.9799717,1.9359317,2.633225,2.899396,2.7115357,0.0025,0.031227585,0.0114163365,0.42360926,0.018656718,False
1.92,-643.8333,0.0,0.0,0.0,0.0,0.0,0.0,0.0,0.0,0.0,0.0,0.0,0.0,0.0,0.0,0.0,0.0,0.0,0.0,0.0,-39.600487,-24.435888,-13.617341,-9.531977,-4.656089,-0.87571365,1.8917075,3.2115335,3.3709192,2.6680272,1.638299,0.67055374,0.072023824,-0.074611634,0.20074378,0.7410055,1.3624202,1.867958,2.1324992,2.1010368,0.0,0.0,0.0,0.0,0.0,False
1.93,-643.8333,0.0,0.0,0.0,0.0,0.0,0.0,0.0,0.0,0.0,0.0,0.0,0.0,0.0,0.0,0.0,0.0,0.0,0.0,0.0,-39.600487,-24.435888,-13.617341,-9.531977,-4.656089,-0.87571365,1.8917075,3.2115335,3.3709192,2.6680272,1.638299,0.67055374,0.072023824,-0.074611634,0.20074378,0.7410055,1.3624202,1.867958,2.1324992,2.1010368,0.0,0.0,0.0,0.0,0.0,False
1.94,-643.8333,0.0,0.0,0.0,0.0,0.0,0.0,0.0,0.0,0.0,0.0,0.0,0.0,0.0,0.0,0.0,0.0,0.0,0.0,0.0,-39.600487,-24.435888,-13.617341,-9.531977,-4.656089,-0.87571365,1.8917075,3.2115335,3.3709192,2.6680272,1.638299,0.67055374,0.072023824,-0.074611634,0.20074378,0.7410055,1.3624202,1.867958,2.1324992,2.1010368,0.0,0.0,0.0,0.0,0.0,False
1.95,-643.8333,0.0,0.0,0.0,0.0,0.0,0.0,0.0,0.0,0.0,0.0,0.0,0.0,0.0,0.0,0.0,0.0,0.0,0.0,0.0,-39.600487,-24.435888,-13.617341,-9.531977,-4.656089,-0.87571365,1.8917075,3.2115335,3.3709192,2.6680272,1.638299,0.67055374,0.072023824,-0.074611634,0.20074378,0.7410055,1.3624202,1.867958,2.1324992,2.1010368,0.0,0.0,0.0,0.0,0.0,False
1.96,-643.8333,0.0,0.0,0.0,0.0,0.0,0.0,0.0,0.0,0.0,0.0,0.0,0.0,0.0,0.0,0.0,0.0,0.0,0.0,0.0,-39.600487,-24.435888,-13.617341,-9.531977,-4.656089,-0.87571365,1.8917075,3.2115335,3.3709192,2.6680272,1.638299,0.67055374,0.072023824,-0.074611634,0.20074378,0.7410055,1.3624202,1.867958,2.1324992,2.1010368,0.0,0.0,0.0,0.0,0.0,False
